consumer	line	reference	exact_path_exists	kind	target_type
.github/workflows/docs-checks.yaml	5	docs/**	False	literal-reference; check dynamic assembly in AP03	pattern-or-unresolved
.github/workflows/docs-checks.yaml	21	docs/**	False	literal-reference; check dynamic assembly in AP03	pattern-or-unresolved
.github/workflows/docs-checks.yaml	55	docs/architecture/plugin-system-current-inventory.md	True	literal-reference; check dynamic assembly in AP03	file
.github/workflows/docs-checks.yaml	55	docs/generated	True	literal-reference; check dynamic assembly in AP03	directory
.github/workflows/docs-checks.yaml	55	docs/reference	True	literal-reference; check dynamic assembly in AP03	directory
.github/workflows/docs-checks.yaml	61	docs/architecture/plugin-system-current-inventory.md	True	literal-reference; check dynamic assembly in AP03	file
.github/workflows/docs-checks.yaml	61	docs/generated	True	literal-reference; check dynamic assembly in AP03	directory
.github/workflows/docs-checks.yaml	61	docs/reference	True	literal-reference; check dynamic assembly in AP03	directory
.github/workflows/docs-checks.yaml	108	docs/architecture/plugin-system-current-inventory.md	True	literal-reference; check dynamic assembly in AP03	file
.github/workflows/docs-checks.yaml	108	docs/generated	True	literal-reference; check dynamic assembly in AP03	directory
.github/workflows/docs-checks.yaml	108	docs/reference	True	literal-reference; check dynamic assembly in AP03	directory
.github/workflows/docs-checks.yaml	115	docs/architecture/plugin-system-current-inventory.md	True	literal-reference; check dynamic assembly in AP03	file
.github/workflows/docs-checks.yaml	115	docs/generated	True	literal-reference; check dynamic assembly in AP03	directory
.github/workflows/docs-checks.yaml	115	docs/reference	True	literal-reference; check dynamic assembly in AP03	directory
README.md	9	docs/README.md	True	literal-reference; check dynamic assembly in AP03	file
README.md	10	docs/getting-started/README.md	False	literal-reference; check dynamic assembly in AP03	pattern-or-unresolved
README.md	11	docs/architecture/README.md	True	literal-reference; check dynamic assembly in AP03	file
README.md	12	docs/deployment/README.md	True	literal-reference; check dynamic assembly in AP03	file
README.md	13	docs/pipeline/README.md	False	literal-reference; check dynamic assembly in AP03	pattern-or-unresolved
README.md	14	docs/operators/README.md	True	literal-reference; check dynamic assembly in AP03	file
README.md	15	docs/developers/README.md	True	literal-reference; check dynamic assembly in AP03	file
README.md	16	docs/reference/README.md	False	literal-reference; check dynamic assembly in AP03	pattern-or-unresolved
README.md	17	docs/decisions/README.md	False	literal-reference; check dynamic assembly in AP03	pattern-or-unresolved
README.md	41	docs/operations/runtime-versions-and-images.md	True	literal-reference; check dynamic assembly in AP03	file
README.md	58	docs/operations/worker-trust-runbook.md	True	literal-reference; check dynamic assembly in AP03	file
contracts/pipeline-test-gate/v1/README.md	82	docs/architecture/pipeline-test-gate-phase-2-audit.md	True	literal-reference; check dynamic assembly in AP03	file
package.json	79	docs/architecture/pipeline-test-gate-manifest-lint-baseline.json	True	literal-reference; check dynamic assembly in AP03	file
package.json	79	docs/architecture/pipeline-test-gate-manifest-lint-parity-ledger.json	True	literal-reference; check dynamic assembly in AP03	file
package.json	79	docs/architecture/pipeline-test-gate-manifest-lint-parity-report.md	True	literal-reference; check dynamic assembly in AP03	file
package.json	91	docs/architecture/pipeline-test-gate-size-budget-baseline.json	True	literal-reference; check dynamic assembly in AP03	file
package.json	91	docs/architecture/pipeline-test-gate-size-budget-parity-ledger.json	True	literal-reference; check dynamic assembly in AP03	file
package.json	96	docs/architecture/pipeline-test-gate-kubernetes-fixture-baseline.json	True	literal-reference; check dynamic assembly in AP03	file
package.json	96	docs/architecture/pipeline-test-gate-kubernetes-fixture-parity-ledger.json	True	literal-reference; check dynamic assembly in AP03	file
package.json	102	docs/architecture/pipeline-test-gate-http-baseline.json	True	literal-reference; check dynamic assembly in AP03	file
package.json	102	docs/architecture/pipeline-test-gate-http-parity-ledger.json	True	literal-reference; check dynamic assembly in AP03	file
package.json	108	docs/architecture/pipeline-test-gate-api-baseline.json	True	literal-reference; check dynamic assembly in AP03	file
package.json	108	docs/architecture/pipeline-test-gate-api-parity-ledger.json	True	literal-reference; check dynamic assembly in AP03	file
package.json	112	docs/architecture/pipeline-test-gate-a11y-baseline.json	True	literal-reference; check dynamic assembly in AP03	file
package.json	112	docs/architecture/pipeline-test-gate-a11y-parity-ledger.json	True	literal-reference; check dynamic assembly in AP03	file
package.json	117	docs/architecture/pipeline-test-gate-lighthouse-baseline.json	True	literal-reference; check dynamic assembly in AP03	file
package.json	117	docs/architecture/pipeline-test-gate-lighthouse-parity-ledger.json	True	literal-reference; check dynamic assembly in AP03	file
package.json	122	docs/architecture/pipeline-test-gate-visual-baseline.json	True	literal-reference; check dynamic assembly in AP03	file
package.json	122	docs/architecture/pipeline-test-gate-visual-parity-ledger.json	True	literal-reference; check dynamic assembly in AP03	file
package.json	127	docs/architecture/pipeline-test-gate-e2e-baseline.json	True	literal-reference; check dynamic assembly in AP03	file
package.json	127	docs/architecture/pipeline-test-gate-e2e-parity-ledger.json	True	literal-reference; check dynamic assembly in AP03	file
package.json	131	docs/architecture/pipeline-test-gate-security-baseline.json	True	literal-reference; check dynamic assembly in AP03	file
package.json	131	docs/architecture/pipeline-test-gate-security-parity-ledger.json	True	literal-reference; check dynamic assembly in AP03	file
scripts/check-suite-migration-workflow.mjs	19	docs/architecture/pipeline-test-gate-suite-migration-status.json	True	literal-reference; check dynamic assembly in AP03	file
scripts/check-suite-migration-workflow.mjs	281	docs/architecture	True	literal-reference; check dynamic assembly in AP03	directory
scripts/check-suite-migration-workflow.mjs	283	docs/architecture/${name}	False	literal-reference; check dynamic assembly in AP03	pattern-or-unresolved
scripts/check-suite-migration-workflow.mjs	377	docs/architecture/pipeline-test-gate-suite-migration-playbook.md	True	literal-reference; check dynamic assembly in AP03	file
scripts/check-suite-migration-workflow.mjs	378	docs/architecture/pipeline-test-gate-suite-migration-templates.md	True	literal-reference; check dynamic assembly in AP03	file
scripts/cleanup-consolidated-branches.py	23	docs/review/branch-cleanup-20260912/branches.json	True	literal-reference; check dynamic assembly in AP03	file
scripts/deploy-cilium.sh	11	docs/ops/cilium-networking.md	False	literal-reference; check dynamic assembly in AP03	pattern-or-unresolved
scripts/deploy-cilium.sh	52	docs/ops/cilium-networking.md.	False	literal-reference; check dynamic assembly in AP03	pattern-or-unresolved
scripts/deploy.sh	915	docs/operations/registry-clients.md.	False	literal-reference; check dynamic assembly in AP03	pattern-or-unresolved
scripts/deploy.sh	2646	docs/architecture/pipeline-test-gate-suite-migration-status.json	True	literal-reference; check dynamic assembly in AP03	file
scripts/docs-blueprint-generate.mjs	142	docs/implementation/prism-production-integration-plan.md	True	literal-reference; check dynamic assembly in AP03	file
scripts/docs-blueprint-generate.mjs	207	docs/blueprint/	False	literal-reference; check dynamic assembly in AP03	pattern-or-unresolved
scripts/docs-blueprint-generate.mjs	207	docs/site/	False	literal-reference; check dynamic assembly in AP03	pattern-or-unresolved
scripts/docs-blueprint-generate.mjs	212	docs/diagrams/	False	literal-reference; check dynamic assembly in AP03	pattern-or-unresolved
scripts/docs-blueprint-generate.mjs	213	docs/generated/inventory/	False	literal-reference; check dynamic assembly in AP03	pattern-or-unresolved
scripts/docs-blueprint-generate.mjs	214	docs/generated/reference/	False	literal-reference; check dynamic assembly in AP03	pattern-or-unresolved
scripts/docs-blueprint-generate.mjs	216	docs/examples/	False	literal-reference; check dynamic assembly in AP03	pattern-or-unresolved
scripts/docs-blueprint-generate.mjs	217	docs/decisions/	False	literal-reference; check dynamic assembly in AP03	pattern-or-unresolved
scripts/docs-blueprint-generate.mjs	218	docs/implementation/	False	literal-reference; check dynamic assembly in AP03	pattern-or-unresolved
scripts/docs-blueprint-generate.mjs	219	docs/spikes/	False	literal-reference; check dynamic assembly in AP03	pattern-or-unresolved
scripts/docs-blueprint-generate.mjs	220	docs/DOCUMENTATION_TOPIC_MAP.md	True	literal-reference; check dynamic assembly in AP03	file
scripts/docs-blueprint-generate.mjs	220	docs/blueprint/02-three-track-site-map.md	True	literal-reference; check dynamic assembly in AP03	file
scripts/docs-blueprint-generate.mjs	221	docs/ROADMAP.md	True	literal-reference; check dynamic assembly in AP03	file
scripts/docs-blueprint-generate.mjs	222	docs/CONTRIBUTING.md	True	literal-reference; check dynamic assembly in AP03	file
scripts/docs-blueprint-generate.mjs	223	docs/README.md	True	literal-reference; check dynamic assembly in AP03	file
scripts/docs-blueprint-generate.mjs	224	docs/reference/	False	literal-reference; check dynamic assembly in AP03	pattern-or-unresolved
scripts/docs-blueprint-generate.mjs	225	docs/operators/	False	literal-reference; check dynamic assembly in AP03	pattern-or-unresolved
scripts/docs-blueprint-generate.mjs	226	docs/operations/	False	literal-reference; check dynamic assembly in AP03	pattern-or-unresolved
scripts/docs-blueprint-generate.mjs	226	docs/ops/	False	literal-reference; check dynamic assembly in AP03	pattern-or-unresolved
scripts/docs-blueprint-generate.mjs	227	docs/runbooks/	False	literal-reference; check dynamic assembly in AP03	pattern-or-unresolved
scripts/docs-blueprint-generate.mjs	228	docs/security/	False	literal-reference; check dynamic assembly in AP03	pattern-or-unresolved
scripts/docs-blueprint-generate.mjs	229	docs/user-guides/	False	literal-reference; check dynamic assembly in AP03	pattern-or-unresolved
scripts/docs-blueprint-generate.mjs	230	docs/deployment/	False	literal-reference; check dynamic assembly in AP03	pattern-or-unresolved
scripts/docs-blueprint-generate.mjs	231	docs/developers/	False	literal-reference; check dynamic assembly in AP03	pattern-or-unresolved
scripts/docs-blueprint-generate.mjs	232	docs/pipeline/architecture.md	True	literal-reference; check dynamic assembly in AP03	file
scripts/docs-blueprint-generate.mjs	233	docs/architecture/	False	literal-reference; check dynamic assembly in AP03	pattern-or-unresolved
scripts/docs-blueprint-generate.mjs	267	docs/blueprint/01-platform-inventory.md	True	literal-reference; check dynamic assembly in AP03	file
scripts/docs-blueprint-generate.mjs	268	docs/blueprint/02-three-track-site-map.md	True	literal-reference; check dynamic assembly in AP03	file
scripts/docs-blueprint-generate.mjs	269	docs/blueprint/03-migration-and-deletion.md	True	literal-reference; check dynamic assembly in AP03	file
scripts/docs-blueprint-generate.mjs	270	docs/blueprint/04-evidence-matrix.md	True	literal-reference; check dynamic assembly in AP03	file
scripts/docs-blueprint-generate.mjs	271	docs/blueprint/05-decision-record-catalogue.md	True	literal-reference; check dynamic assembly in AP03	file
scripts/docs-blueprint-generate.mjs	272	docs/blueprint/06-automation-and-publication.md	True	literal-reference; check dynamic assembly in AP03	file
scripts/docs-check-coverage.mjs	7	docs/DOCUMENTATION_TOPIC_MAP.md	True	literal-reference; check dynamic assembly in AP03	file
scripts/docs-check-coverage.mjs	37	docs/archive/	False	literal-reference; check dynamic assembly in AP03	pattern-or-unresolved
scripts/docs-check-refs.mjs	33	docs/DOCUMENTATION_AUDIT.md	False	literal-reference; check dynamic assembly in AP03	pattern-or-unresolved
scripts/docs-check-refs.mjs	34	docs/DOCUMENTATION_PLAN.md	False	literal-reference; check dynamic assembly in AP03	pattern-or-unresolved
scripts/docs-check-refs.mjs	35	docs/DOCUMENTATION_REBUILD_PLAN.md	False	literal-reference; check dynamic assembly in AP03	pattern-or-unresolved
scripts/docs-check-refs.mjs	36	docs/DOCUMENTATION_TARGET_PAGE_LIST.md	False	literal-reference; check dynamic assembly in AP03	pattern-or-unresolved
scripts/docs-check-refs.mjs	37	docs/ROADMAP.md	True	literal-reference; check dynamic assembly in AP03	file
scripts/docs-check-refs.mjs	38	docs/future-implementation-ideas.md	False	literal-reference; check dynamic assembly in AP03	pattern-or-unresolved
scripts/docs-check-refs.mjs	39	docs/open-issues.md	False	literal-reference; check dynamic assembly in AP03	pattern-or-unresolved
scripts/docs-check-refs.mjs	40	docs/architecture/pipeline-test-gate-unit-baseline.md	True	literal-reference; check dynamic assembly in AP03	file
scripts/docs-check-refs.mjs	63	docs/archive/	False	literal-reference; check dynamic assembly in AP03	pattern-or-unresolved
scripts/docs-check-refs.mjs	90	docs/archive/	False	literal-reference; check dynamic assembly in AP03	pattern-or-unresolved
scripts/docs-check-refs.mjs	123	docs/archive/	False	literal-reference; check dynamic assembly in AP03	pattern-or-unresolved
scripts/docs-check-refs.mjs	146	docs/review/	False	literal-reference; check dynamic assembly in AP03	pattern-or-unresolved
scripts/docs-check-refs.mjs	168	docs/archive/**	False	literal-reference; check dynamic assembly in AP03	pattern-or-unresolved
scripts/docs-check.mjs	28	docs/archive/	False	literal-reference; check dynamic assembly in AP03	pattern-or-unresolved
scripts/docs-check.mjs	49	docs/archive/	False	literal-reference; check dynamic assembly in AP03	pattern-or-unresolved
scripts/docs-check.mjs	57	docs/reference/cli.md	True	literal-reference; check dynamic assembly in AP03	file
scripts/docs-check.mjs	58	docs/reference/environment-variables.md	True	literal-reference; check dynamic assembly in AP03	file
scripts/docs-check.mjs	59	docs/reference/helm-values.md	True	literal-reference; check dynamic assembly in AP03	file
scripts/docs-check.mjs	60	docs/reference/secrets.md	True	literal-reference; check dynamic assembly in AP03	file
scripts/docs-check.mjs	61	docs/reference/verification-commands.md	True	literal-reference; check dynamic assembly in AP03	file
scripts/docs-check.mjs	62	docs/reference/workflows.md	True	literal-reference; check dynamic assembly in AP03	file
scripts/docs-check.mjs	78	docs/deployment/setup-flow.md	True	literal-reference; check dynamic assembly in AP03	file
scripts/docs-check.mjs	79	docs/deployment/secrets.md	True	literal-reference; check dynamic assembly in AP03	file
scripts/docs-check.mjs	80	docs/deployment/infrastructure.md	True	literal-reference; check dynamic assembly in AP03	file
scripts/docs-check.mjs	81	docs/deployment/litellm.md	True	literal-reference; check dynamic assembly in AP03	file
scripts/docs-check.mjs	82	docs/deployment/tailscale-operator.md	True	literal-reference; check dynamic assembly in AP03	file
scripts/docs-check.mjs	83	docs/deployment/agent-deployments.md	True	literal-reference; check dynamic assembly in AP03	file
scripts/docs-check.mjs	84	docs/deployment/deployment-verification.md	True	literal-reference; check dynamic assembly in AP03	file
scripts/docs-check.mjs	85	docs/operators/running-the-pipeline.md	True	literal-reference; check dynamic assembly in AP03	file
scripts/docs-check.mjs	86	docs/operators/recovery-runbook.md	True	literal-reference; check dynamic assembly in AP03	file
scripts/docs-check.mjs	87	docs/operators/final-preview-tailscale.md	True	literal-reference; check dynamic assembly in AP03	file
scripts/docs-check.mjs	114	docs/ROADMAP.md	True	literal-reference; check dynamic assembly in AP03	file
scripts/docs-check.mjs	115	docs/future-implementation-ideas.md	False	literal-reference; check dynamic assembly in AP03	pattern-or-unresolved
scripts/docs-check.mjs	116	docs/concepts/intent-driven-pipeline.md	False	literal-reference; check dynamic assembly in AP03	pattern-or-unresolved
scripts/docs-generate.mjs	20	docs/generated/inventory/deploy-script.json	True	literal-reference; check dynamic assembly in AP03	file
scripts/docs-generate.mjs	21	docs/generated/inventory/secret-setup.json	True	literal-reference; check dynamic assembly in AP03	file
scripts/docs-generate.mjs	22	docs/generated/inventory/helm-values.json	True	literal-reference; check dynamic assembly in AP03	file
scripts/docs-generate.mjs	23	docs/generated/inventory/workflows.json	True	literal-reference; check dynamic assembly in AP03	file
scripts/docs-generate.mjs	26	docs/reference/cli.md	True	literal-reference; check dynamic assembly in AP03	file
scripts/docs-generate.mjs	27	docs/reference/secrets.md	True	literal-reference; check dynamic assembly in AP03	file
scripts/docs-generate.mjs	28	docs/reference/helm-values.md	True	literal-reference; check dynamic assembly in AP03	file
scripts/docs-generate.mjs	29	docs/reference/environment-variables.md	True	literal-reference; check dynamic assembly in AP03	file
scripts/docs-generate.mjs	30	docs/reference/verification-commands.md	True	literal-reference; check dynamic assembly in AP03	file
scripts/docs-generate.mjs	31	docs/reference/workflows.md	True	literal-reference; check dynamic assembly in AP03	file
scripts/docs-generate.mjs	228	docs/generated/inventory/*.json	False	literal-reference; check dynamic assembly in AP03	pattern-or-unresolved
scripts/docs-generate.mjs	229	docs/current	False	literal-reference; check dynamic assembly in AP03	pattern-or-unresolved
scripts/docs-inventory.mjs	9	docs/generated/inventory	True	literal-reference; check dynamic assembly in AP03	directory
scripts/docs-publication.mjs	324	docs/site/README.md	True	literal-reference; check dynamic assembly in AP03	file
scripts/docs-publication.mjs	325	docs/site/understand/README.md	True	literal-reference; check dynamic assembly in AP03	file
scripts/docs-publication.mjs	326	docs/site/understand/request-to-result.md	True	literal-reference; check dynamic assembly in AP03	file
scripts/docs-publication.mjs	327	docs/site/use/README.md	True	literal-reference; check dynamic assembly in AP03	file
scripts/docs-publication.mjs	328	docs/site/use/quickstart.md	True	literal-reference; check dynamic assembly in AP03	file
scripts/docs-publication.mjs	329	docs/site/use/recovery.md	True	literal-reference; check dynamic assembly in AP03	file
scripts/docs-publication.mjs	330	docs/site/extend/README.md	True	literal-reference; check dynamic assembly in AP03	file
scripts/docs-publication.mjs	331	docs/site/extend/first-plugin.md	True	literal-reference; check dynamic assembly in AP03	file
scripts/docs-publication.mjs	332	docs/site/extend/testing.md	True	literal-reference; check dynamic assembly in AP03	file
scripts/docs-publication.mjs	333	docs/site/status/current.md	True	literal-reference; check dynamic assembly in AP03	file
scripts/docs-publication.mjs	337	docs/site/extend/first-plugin.md	True	literal-reference; check dynamic assembly in AP03	file
scripts/docs-publication.mjs	337	docs/site/use/quickstart.md	True	literal-reference; check dynamic assembly in AP03	file
scripts/docs-publication.mjs	337	docs/site/use/recovery.md	True	literal-reference; check dynamic assembly in AP03	file
scripts/docs-publication.mjs	353	docs/site/extend/first-plugin.md	True	literal-reference; check dynamic assembly in AP03	file
scripts/generate-suite-migration-status.mjs	8	docs/architecture/pipeline-test-gate-suite-migration-status.json	True	literal-reference; check dynamic assembly in AP03	file
scripts/generate-suite-migration-status.mjs	9	docs/architecture/pipeline-test-gate-suite-migration-status.md	True	literal-reference; check dynamic assembly in AP03	file
scripts/pipeline-unit-parity-report.mjs	3	docs/architecture/pipeline-test-gate-unit-parity-ledger.json	True	literal-reference; check dynamic assembly in AP03	file
scripts/pipeline-unit-parity-report.mjs	4	docs/architecture/pipeline-test-gate-phase-9-parity-report.md	True	literal-reference; check dynamic assembly in AP03	file
scripts/plugin-system-inventory.mjs	9	docs/generated/inventory/plugin-system.json	True	literal-reference; check dynamic assembly in AP03	file
scripts/plugin-system-inventory.mjs	13	docs/architecture/plugin-system-current-inventory.md	True	literal-reference; check dynamic assembly in AP03	file
scripts/registry-client-config.mjs	84	docs/operations/registry-clients.md	True	literal-reference; check dynamic assembly in AP03	file
skills/buster/plugins/direct-command/README.md	18	docs/architecture/pipeline-test-gate-phase-8-plan.md	True	literal-reference; check dynamic assembly in AP03	file
skills/buster/plugins/visual/README.md	10	docs/architecture/pipeline-test-gate-visual-operator-guide.md	True	literal-reference; check dynamic assembly in AP03	file
skills/common/plugin-runtime/foundation/observability/README.md	43	docs/operations/observability-retention.md	True	literal-reference; check dynamic assembly in AP03	file
skills/nova/core/execution/CAPABILITIES.md	8	docs/architecture/plugin-system-phase5-capabilities.json	True	literal-reference; check dynamic assembly in AP03	file
skills/nova/plugins/architecture-validator/tests/live-function.test.ts	23	docs/architecture.md	False	literal-reference; check dynamic assembly in AP03	pattern-or-unresolved
skills/nova/plugins/architecture-validator/tests/protocol.unit.test.ts	14	docs/architecture.md	False	literal-reference; check dynamic assembly in AP03	pattern-or-unresolved
skills/nova/plugins/case-study/README.md	49	docs/review/remediation/implementation/report-evidence.md	True	literal-reference; check dynamic assembly in AP03	file
skills/nova/plugins/pipeline-review/README.md	49	docs/review/remediation/implementation/report-evidence.md	True	literal-reference; check dynamic assembly in AP03	file
skills/nova/plugins/review/tests/repository-revalidation.unit.test.mjs	100	docs/shared.ts	False	literal-reference; check dynamic assembly in AP03	pattern-or-unresolved
skills/nova/plugins/review/tests/repository-revalidation.unit.test.mjs	104	docs/other.ts	False	literal-reference; check dynamic assembly in AP03	pattern-or-unresolved
skills/nova/plugins/review/tests/repository-revalidation.unit.test.mjs	143	docs/shared.ts	False	literal-reference; check dynamic assembly in AP03	pattern-or-unresolved
skills/nova/plugins/review/tests/review-context-selection.unit.test.mjs	134	docs/guide.md	False	literal-reference; check dynamic assembly in AP03	pattern-or-unresolved
skills/nova/plugins/review/tests/review-context-selection.unit.test.mjs	138	docs/guide.md	False	literal-reference; check dynamic assembly in AP03	pattern-or-unresolved
skills/nova/project_setup/module-files.md	133	docs/architecture/pipeline-test-gate-api-configuration-reference.md	True	literal-reference; check dynamic assembly in AP03	file
skills/nova/project_setup/module-files.md	133	docs/architecture/pipeline-test-gate-api-user-guide.md	True	literal-reference; check dynamic assembly in AP03	file
skills/nova/project_setup/module-files.md	249	docs/architecture/pipeline-test-gate-visual-user-guide.md	True	literal-reference; check dynamic assembly in AP03	file
skills/nova/project_setup/progress-json.md	282	docs/lifecycle-unification/TELEMETRY_CONTRACT_V1.md	False	literal-reference; check dynamic assembly in AP03	pattern-or-unresolved
skills/nova/project_setup/progress-json.md	282	docs/telemetry-event-schema.md	False	literal-reference; check dynamic assembly in AP03	pattern-or-unresolved
skills/nova/project_setup/progress-json.md	332	docs/architecture/pipeline-test-gate-security-user-guide.md	True	literal-reference; check dynamic assembly in AP03	file
skills/nova/project_setup/progress-json.md	341	docs/architecture/pipeline-test-gate-unit-user-guide.md	True	literal-reference; check dynamic assembly in AP03	file
skills/nova/project_setup/progress-json.md	362	docs/architecture/pipeline-test-gate-kubernetes-fixture-configuration-reference.md	True	literal-reference; check dynamic assembly in AP03	file
tests/verification/contracts/check-deploy-prism-command.mts	8	docs/generated/inventory/secret-setup.json	True	literal-reference; check dynamic assembly in AP03	file
tests/verification/contracts/check-pipeline-a11y-baseline.mjs	3	docs/architecture/pipeline-test-gate-a11y-baseline.json	True	literal-reference; check dynamic assembly in AP03	file
tests/verification/contracts/check-pipeline-a11y-cutover.mts	3	docs/architecture/pipeline-test-gate-a11y-cutover-inventory.json	True	literal-reference; check dynamic assembly in AP03	file
tests/verification/contracts/check-pipeline-a11y-cutover.mts	19	docs/architecture/pipeline-test-gate-suite-migration-status.json	True	literal-reference; check dynamic assembly in AP03	file
tests/verification/contracts/check-pipeline-a11y-parity.mts	3	docs/architecture/pipeline-test-gate-a11y-baseline.json	True	literal-reference; check dynamic assembly in AP03	file
tests/verification/contracts/check-pipeline-a11y-parity.mts	4	docs/architecture/pipeline-test-gate-a11y-parity-ledger.json	True	literal-reference; check dynamic assembly in AP03	file
tests/verification/contracts/check-pipeline-api-baseline.mjs	3	docs/architecture/pipeline-test-gate-api-baseline.json	True	literal-reference; check dynamic assembly in AP03	file
tests/verification/contracts/check-pipeline-api-cutover.mts	3	docs/architecture/pipeline-test-gate-api-cutover-inventory.json	True	literal-reference; check dynamic assembly in AP03	file
tests/verification/contracts/check-pipeline-api-cutover.mts	25	docs/architecture/pipeline-test-gate-suite-migration-status.json	True	literal-reference; check dynamic assembly in AP03	file
tests/verification/contracts/check-pipeline-api-parity.mts	3	docs/architecture/pipeline-test-gate-api-baseline.json	True	literal-reference; check dynamic assembly in AP03	file
tests/verification/contracts/check-pipeline-api-parity.mts	4	docs/architecture/pipeline-test-gate-api-parity-ledger.json	True	literal-reference; check dynamic assembly in AP03	file
tests/verification/contracts/check-pipeline-container-build-baseline.mjs	3	docs/architecture/pipeline-test-gate-container-build-baseline.json	True	literal-reference; check dynamic assembly in AP03	file
tests/verification/contracts/check-pipeline-container-build-cutover.mts	9	docs/architecture/pipeline-test-gate-container-build-parity-ledger.json	True	literal-reference; check dynamic assembly in AP03	file
tests/verification/contracts/check-pipeline-container-build-cutover.mts	14	docs/architecture/pipeline-test-gate-suite-migration-status.json	True	literal-reference; check dynamic assembly in AP03	file
tests/verification/contracts/check-pipeline-container-build-parity.mts	5	docs/architecture/pipeline-test-gate-container-build-baseline.json	True	literal-reference; check dynamic assembly in AP03	file
tests/verification/contracts/check-pipeline-container-build-parity.mts	6	docs/architecture/pipeline-test-gate-container-build-parity-ledger.json	True	literal-reference; check dynamic assembly in AP03	file
tests/verification/contracts/check-pipeline-e2e-baseline.mjs	2	docs/architecture/pipeline-test-gate-e2e-baseline.json	True	literal-reference; check dynamic assembly in AP03	file
tests/verification/contracts/check-pipeline-e2e-cutover.mts	2	docs/architecture/pipeline-test-gate-e2e-cutover-inventory.json	True	literal-reference; check dynamic assembly in AP03	file
tests/verification/contracts/check-pipeline-e2e-cutover.mts	18	docs/architecture/pipeline-test-gate-suite-migration-status.json	True	literal-reference; check dynamic assembly in AP03	file
tests/verification/contracts/check-pipeline-e2e-parity.mts	2	docs/architecture/pipeline-test-gate-e2e-parity-ledger.json	True	literal-reference; check dynamic assembly in AP03	file
tests/verification/contracts/check-pipeline-http-baseline.mjs	4	docs/architecture/pipeline-test-gate-http-baseline.json	True	literal-reference; check dynamic assembly in AP03	file
tests/verification/contracts/check-pipeline-http-cutover.mts	4	docs/architecture/pipeline-test-gate-http-cutover-inventory.json	True	literal-reference; check dynamic assembly in AP03	file
tests/verification/contracts/check-pipeline-http-cutover.mts	10	docs/architecture/pipeline-test-gate-suite-migration-status.json	True	literal-reference; check dynamic assembly in AP03	file
tests/verification/contracts/check-pipeline-http-cutover.mts	31	docs/architecture/pipeline-test-gate-decision-ledger.json	True	literal-reference; check dynamic assembly in AP03	file
tests/verification/contracts/check-pipeline-http-parity.mts	75	docs/architecture/pipeline-test-gate-http-baseline.json	True	literal-reference; check dynamic assembly in AP03	file
tests/verification/contracts/check-pipeline-http-parity.mts	76	docs/architecture/pipeline-test-gate-http-parity-ledger.json	True	literal-reference; check dynamic assembly in AP03	file
tests/verification/contracts/check-pipeline-kubernetes-fixture-baseline.mjs	4	docs/architecture/pipeline-test-gate-kubernetes-fixture-baseline.json	True	literal-reference; check dynamic assembly in AP03	file
tests/verification/contracts/check-pipeline-kubernetes-fixture-cutover.mts	10	docs/architecture/pipeline-test-gate-kubernetes-fixture-cutover-inventory.json	True	literal-reference; check dynamic assembly in AP03	file
tests/verification/contracts/check-pipeline-kubernetes-fixture-cutover.mts	16	docs/architecture/pipeline-test-gate-suite-migration-status.json	True	literal-reference; check dynamic assembly in AP03	file
tests/verification/contracts/check-pipeline-kubernetes-fixture-parity.mts	7	docs/architecture/pipeline-test-gate-kubernetes-fixture-baseline.json	True	literal-reference; check dynamic assembly in AP03	file
tests/verification/contracts/check-pipeline-kubernetes-fixture-parity.mts	8	docs/architecture/pipeline-test-gate-kubernetes-fixture-parity-ledger.json	True	literal-reference; check dynamic assembly in AP03	file
tests/verification/contracts/check-pipeline-lighthouse-baseline.mjs	3	docs/architecture/pipeline-test-gate-lighthouse-baseline.json	True	literal-reference; check dynamic assembly in AP03	file
tests/verification/contracts/check-pipeline-lighthouse-cutover.mts	3	docs/architecture/pipeline-test-gate-lighthouse-cutover-inventory.json	True	literal-reference; check dynamic assembly in AP03	file
tests/verification/contracts/check-pipeline-lighthouse-cutover.mts	19	docs/architecture/pipeline-test-gate-suite-migration-status.json	True	literal-reference; check dynamic assembly in AP03	file
tests/verification/contracts/check-pipeline-lighthouse-parity.mts	3	docs/architecture/pipeline-test-gate-lighthouse-baseline.json	True	literal-reference; check dynamic assembly in AP03	file
tests/verification/contracts/check-pipeline-lighthouse-parity.mts	4	docs/architecture/pipeline-test-gate-lighthouse-parity-ledger.json	True	literal-reference; check dynamic assembly in AP03	file
tests/verification/contracts/check-pipeline-manifest-lint-baseline.mjs	4	docs/architecture/pipeline-test-gate-manifest-lint-baseline.json	True	literal-reference; check dynamic assembly in AP03	file
tests/verification/contracts/check-pipeline-manifest-lint-baseline.mjs	20	docs/architecture/pipeline-test-gate-manifest-lint-implementation-plan.md	True	literal-reference; check dynamic assembly in AP03	file
tests/verification/contracts/check-pipeline-manifest-lint-baseline.mjs	21	docs/architecture/pipeline-test-gate-manifest-lint-user-guide.md	True	literal-reference; check dynamic assembly in AP03	file
tests/verification/contracts/check-pipeline-manifest-lint-baseline.mjs	22	docs/architecture/pipeline-test-gate-manifest-lint-operator-guide.md	True	literal-reference; check dynamic assembly in AP03	file
tests/verification/contracts/check-pipeline-manifest-lint-baseline.mjs	23	docs/architecture/pipeline-test-gate-manifest-lint-final-audit.md	True	literal-reference; check dynamic assembly in AP03	file
tests/verification/contracts/check-pipeline-manifest-lint-cutover.mts	5	docs/architecture/pipeline-test-gate-manifest-lint-cutover-inventory.json	True	literal-reference; check dynamic assembly in AP03	file
tests/verification/contracts/check-pipeline-manifest-lint-cutover.mts	14	docs/architecture/pipeline-test-gate-manifest-lint-parity-ledger.json	True	literal-reference; check dynamic assembly in AP03	file
tests/verification/contracts/check-pipeline-observability-phase-5-7-a.mjs	5	docs/architecture/pipeline-observability-phase-5-7-a-inventory.json	True	literal-reference; check dynamic assembly in AP03	file
tests/verification/contracts/check-pipeline-phase10-cutover.mts	5	docs/architecture/pipeline-test-gate-unit-cutover-inventory.json	True	literal-reference; check dynamic assembly in AP03	file
tests/verification/contracts/check-pipeline-phase10-cutover.mts	21	docs/architecture/pipeline-test-gate-unit-parity-ledger.json	True	literal-reference; check dynamic assembly in AP03	file
tests/verification/contracts/check-pipeline-phase10-cutover.mts	45	docs/architecture/pipeline-test-gate-suite-migration-status.json	True	literal-reference; check dynamic assembly in AP03	file
tests/verification/contracts/check-pipeline-security-cutover.mts	2	docs/architecture/pipeline-test-gate-security-cutover-inventory.json	True	literal-reference; check dynamic assembly in AP03	file
tests/verification/contracts/check-pipeline-security-cutover.mts	3	docs/architecture/pipeline-test-gate-suite-migration-status.json	True	literal-reference; check dynamic assembly in AP03	file
tests/verification/contracts/check-pipeline-security-parity.mts	4	docs/architecture/pipeline-test-gate-security-parity-ledger.json	True	literal-reference; check dynamic assembly in AP03	file
tests/verification/contracts/check-pipeline-size-budget-baseline.mjs	4	docs/architecture/pipeline-test-gate-size-budget-baseline.json	True	literal-reference; check dynamic assembly in AP03	file
tests/verification/contracts/check-pipeline-size-budget-parity.mts	12	docs/architecture/pipeline-test-gate-size-budget-baseline.json	True	literal-reference; check dynamic assembly in AP03	file
tests/verification/contracts/check-pipeline-size-budget-parity.mts	13	docs/architecture/pipeline-test-gate-size-budget-parity-ledger.json	True	literal-reference; check dynamic assembly in AP03	file
tests/verification/contracts/check-pipeline-tailscale-exposure-baseline.mjs	3	docs/architecture/pipeline-test-gate-tailscale-exposure-baseline.json	True	literal-reference; check dynamic assembly in AP03	file
tests/verification/contracts/check-pipeline-tailscale-exposure-cutover.mts	10	docs/architecture/pipeline-test-gate-tailscale-exposure-cutover-inventory.json	True	literal-reference; check dynamic assembly in AP03	file
tests/verification/contracts/check-pipeline-tailscale-exposure-cutover.mts	16	docs/architecture/pipeline-test-gate-suite-migration-status.json	True	literal-reference; check dynamic assembly in AP03	file
tests/verification/contracts/check-pipeline-tailscale-exposure-parity.mts	3	docs/architecture/pipeline-test-gate-tailscale-exposure-baseline.json	True	literal-reference; check dynamic assembly in AP03	file
tests/verification/contracts/check-pipeline-tailscale-exposure-parity.mts	4	docs/architecture/pipeline-test-gate-tailscale-exposure-parity-ledger.json	True	literal-reference; check dynamic assembly in AP03	file
tests/verification/contracts/check-pipeline-test-gate-traceability.mjs	4	docs/architecture/pipeline-test-gate-design.md	True	literal-reference; check dynamic assembly in AP03	file
tests/verification/contracts/check-pipeline-test-gate-traceability.mjs	5	docs/architecture/pipeline-test-gate-implementation-plan.md	True	literal-reference; check dynamic assembly in AP03	file
tests/verification/contracts/check-pipeline-test-gate-traceability.mjs	6	docs/architecture/pipeline-test-gate-unit-baseline.md	True	literal-reference; check dynamic assembly in AP03	file
tests/verification/contracts/check-pipeline-test-gate-traceability.mjs	7	docs/architecture/pipeline-test-gate-decision-ledger.json	True	literal-reference; check dynamic assembly in AP03	file
tests/verification/contracts/check-pipeline-test-gate-traceability.mjs	8	docs/architecture/pipeline-test-gate-suite-migration-playbook.md	True	literal-reference; check dynamic assembly in AP03	file
tests/verification/contracts/check-pipeline-test-gate-traceability.mjs	9	docs/architecture/pipeline-test-gate-phase-8-plan.md	True	literal-reference; check dynamic assembly in AP03	file
tests/verification/contracts/check-pipeline-test-gate-traceability.mjs	10	docs/architecture/pipeline-test-gate-phase-9-plan.md	True	literal-reference; check dynamic assembly in AP03	file
tests/verification/contracts/check-pipeline-test-gate-traceability.mjs	11	docs/architecture/pipeline-test-gate-phase-10-plan.md	True	literal-reference; check dynamic assembly in AP03	file
tests/verification/contracts/check-pipeline-test-gate-traceability.mjs	12	docs/architecture/pipeline-test-gate-unit-cutover-inventory.json	True	literal-reference; check dynamic assembly in AP03	file
tests/verification/contracts/check-pipeline-test-gate-traceability.mjs	13	docs/architecture/pipeline-test-gate-phase-10-final-audit.md	True	literal-reference; check dynamic assembly in AP03	file
tests/verification/contracts/check-pipeline-test-gate-traceability.mjs	14	docs/architecture/pipeline-test-gate-unit-parity-ledger.json	True	literal-reference; check dynamic assembly in AP03	file
tests/verification/contracts/check-pipeline-test-gate-traceability.mjs	15	docs/architecture/pipeline-test-gate-manifest-lint-baseline.json	True	literal-reference; check dynamic assembly in AP03	file
tests/verification/contracts/check-pipeline-test-gate-traceability.mjs	16	docs/architecture/pipeline-test-gate-manifest-lint-implementation-plan.md	True	literal-reference; check dynamic assembly in AP03	file
tests/verification/contracts/check-pipeline-test-gate-traceability.mjs	17	docs/architecture/pipeline-test-gate-manifest-lint-final-audit.md	True	literal-reference; check dynamic assembly in AP03	file
tests/verification/contracts/check-pipeline-test-gate-traceability.mjs	18	docs/architecture/pipeline-test-gate-manifest-lint-parity-plan.md	True	literal-reference; check dynamic assembly in AP03	file
tests/verification/contracts/check-pipeline-test-gate-traceability.mjs	19	docs/architecture/pipeline-test-gate-manifest-lint-parity-ledger.json	True	literal-reference; check dynamic assembly in AP03	file
tests/verification/contracts/check-pipeline-test-gate-traceability.mjs	20	docs/architecture/pipeline-test-gate-manifest-lint-parity-report.md	True	literal-reference; check dynamic assembly in AP03	file
tests/verification/contracts/check-pipeline-test-gate-traceability.mjs	21	docs/architecture/pipeline-test-gate-manifest-lint-comparison.md	True	literal-reference; check dynamic assembly in AP03	file
tests/verification/contracts/check-pipeline-test-gate-traceability.mjs	22	docs/architecture/pipeline-test-gate-manifest-lint-parity-final-audit.md	True	literal-reference; check dynamic assembly in AP03	file
tests/verification/contracts/check-pipeline-test-gate-traceability.mjs	23	docs/architecture/pipeline-test-gate-manifest-lint-cutover-plan.md	True	literal-reference; check dynamic assembly in AP03	file
tests/verification/contracts/check-pipeline-test-gate-traceability.mjs	24	docs/architecture/pipeline-test-gate-manifest-lint-cutover-inventory.json	True	literal-reference; check dynamic assembly in AP03	file
tests/verification/contracts/check-pipeline-test-gate-traceability.mjs	25	docs/architecture/pipeline-test-gate-manifest-lint-cutover-final-audit.md	True	literal-reference; check dynamic assembly in AP03	file
tests/verification/contracts/check-pipeline-unit-parity-ledger.mjs	4	docs/architecture/pipeline-test-gate-unit-baseline.md	True	literal-reference; check dynamic assembly in AP03	file
tests/verification/contracts/check-pipeline-unit-parity-ledger.mjs	5	docs/architecture/pipeline-test-gate-unit-parity-ledger.json	True	literal-reference; check dynamic assembly in AP03	file
tests/verification/contracts/check-pipeline-visual-baseline.mjs	3	docs/architecture/pipeline-test-gate-visual-baseline.json	True	literal-reference; check dynamic assembly in AP03	file
tests/verification/contracts/check-pipeline-visual-cutover.mts	2	docs/architecture/pipeline-test-gate-visual-cutover-inventory.json	True	literal-reference; check dynamic assembly in AP03	file
tests/verification/contracts/check-pipeline-visual-cutover.mts	14	docs/architecture/pipeline-test-gate-suite-migration-status.json	True	literal-reference; check dynamic assembly in AP03	file
tests/verification/contracts/check-pipeline-visual-parity.mts	2	docs/architecture/pipeline-test-gate-visual-parity-ledger.json	True	literal-reference; check dynamic assembly in AP03	file
tests/verification/contracts/check-plugin-system-v2-capability-security.mjs	27	docs/architecture/plugin-system-phase5-capabilities.json	True	literal-reference; check dynamic assembly in AP03	file
tests/verification/contracts/check-plugin-system-v2-capability-security.mjs	57	docs/generated/inventory/plugin-system.json	True	literal-reference; check dynamic assembly in AP03	file
tests/verification/contracts/check-plugin-system-v2-phase6.mjs	34	docs/architecture/plugin-system-phase6-lifecycle.json	True	literal-reference; check dynamic assembly in AP03	file
tests/verification/contracts/check-worker-trust-documentation.mts	5	docs/security/worker-trust.md	True	literal-reference; check dynamic assembly in AP03	file
tests/verification/contracts/check-worker-trust-documentation.mts	6	docs/operations/worker-trust-runbook.md	True	literal-reference; check dynamic assembly in AP03	file
tests/verification/contracts/check-worker-trust-documentation.mts	7	docs/site/understand/worker-trust.md	True	literal-reference; check dynamic assembly in AP03	file
tests/verification/contracts/check-worker-trust-documentation.mts	8	docs/site/use/worker-trust.md	True	literal-reference; check dynamic assembly in AP03	file
tests/verification/contracts/check-worker-trust-documentation.mts	9	docs/deployment/agent-deployments.md	True	literal-reference; check dynamic assembly in AP03	file
tests/verification/deployment/docs-reference-scope.test.mjs	12	docs/review	True	literal-reference; check dynamic assembly in AP03	directory
tests/verification/deployment/docs-reference-scope.test.mjs	13	docs/site	True	literal-reference; check dynamic assembly in AP03	directory
tests/verification/deployment/docs-reference-scope.test.mjs	16	docs/review/snapshot.md	False	literal-reference; check dynamic assembly in AP03	pattern-or-unresolved
tests/verification/deployment/docs-reference-scope.test.mjs	17	docs/site/current.md	False	literal-reference; check dynamic assembly in AP03	pattern-or-unresolved
tests/verification/deployment/docs-reference-scope.test.mjs	25	docs/review/missing.txt	False	literal-reference; check dynamic assembly in AP03	pattern-or-unresolved
tests/verification/deployment/release-configuration.test.mjs	25	docs/note.md	False	literal-reference; check dynamic assembly in AP03	pattern-or-unresolved
tests/verification/historical-branch-acceptance/README.md	3	docs/review/branch-cleanup-20260912/historical-test-imports.json	True	literal-reference; check dynamic assembly in AP03	file
tests/verification/integration/product-native-api.mjs	17	docs/review/evidence/run4-native-product	False	literal-reference; check dynamic assembly in AP03	pattern-or-unresolved
tests/verification/reliability/legacy-cli-diagnostic-reproducibility.test.mjs	7	docs/review/evidence/run5-adapter-legacy-cli-diagnostic.mjs	True	literal-reference; check dynamic assembly in AP03	file
tests/verification/reliability/prism-reader-value.test.mjs	8	docs/review/evidence/run12-prism-reader-first.txt	True	literal-reference; check dynamic assembly in AP03	file
tests/verification/reliability/prism-reader-value.test.mjs	50	docs/review/evidence/run12-prism-reader-first-matrix.txt	True	literal-reference; check dynamic assembly in AP03	file
tests/verification/reliability/repair-identity-historical.mjs	9	docs/review/evidence/run2-sdk-remaining/repair-authorization-locale.mjs	True	literal-reference; check dynamic assembly in AP03	file
tests/verification/reliability/runtime-profile-proxy-independent.test.mjs	9	docs/review/evidence/run9-sdk-transport-proxy-audit.mjs	True	literal-reference; check dynamic assembly in AP03	file
