id	local_status	verification_scope	evidence	live_acceptance_status
PCR-AGENT-CONTRACT-001	verifiziert	Lokale Originalregressionen und unabhängige Codegegenprüfung; keine Deployment-/Gesamt-E2E-Freigabe.	"[{""report"": ""implementation/contracts-2.md"", ""summary"": ""Original contract regressions, real renderer/resolver/consumer tests, typechecks; independent review corrected component-order defect.""}]"	not evaluated in AP01; source for AP04
PCR-CONTRACT-PLUGIN-001	verifiziert	Lokale Originalregressionen und unabhängige Codegegenprüfung; keine Deployment-/Gesamt-E2E-Freigabe.	"[{""report"": ""implementation/registry.md"", ""summary"": ""Real registry/default/canonical-ref isolation and package syntax rejection; all24 capability-security assertions; original relevant gates/typecheck/lint; independent review.""}]"	not evaluated in AP01; source for AP04
PCR-PACKAGES-001	verifiziert	Lokale Originalregressionen und unabhängige Codegegenprüfung; keine Deployment-/Gesamt-E2E-Freigabe.	"[{""report"": ""implementation/registry.md"", ""summary"": ""Real registry/default/canonical-ref isolation and package syntax rejection; all24 capability-security assertions; original relevant gates/typecheck/lint; independent review.""}]"	not evaluated in AP01; source for AP04
PCR-PRISM-CONTRACT-001	verifiziert	Lokale Originalregressionen und unabhängige Codegegenprüfung; keine Deployment-/Gesamt-E2E-Freigabe.	"[{""report"": ""implementation/contracts-2.md"", ""summary"": ""Original contract regressions, real renderer/resolver/consumer tests, typechecks; independent review corrected component-order defect.""}]"	not evaluated in AP01; source for AP04
PCR-PRISM-CONTRACT-002	verifiziert	Lokale Originalregressionen und unabhängige Codegegenprüfung; keine Deployment-/Gesamt-E2E-Freigabe.	"[{""report"": ""implementation/contracts-2.md"", ""summary"": ""Original contract regressions, real renderer/resolver/consumer tests, typechecks; independent review corrected component-order defect.""}]"	not evaluated in AP01; source for AP04
PCR-PROMPT-001	verifiziert	Lokale Originalregressionen und unabhängige Codegegenprüfung; keine Deployment-/Gesamt-E2E-Freigabe.	"[{""report"": ""implementation/contracts.md"", ""summary"": ""SDK/prompt tests and builds; real artifact/journal and Git consumers; 100 accepted JSON byte compatibility probes; independent review.""}]"	not evaluated in AP01; source for AP04
PCR-REGISTRY-001	verifiziert	Lokale Originalregressionen und unabhängige Codegegenprüfung; keine Deployment-/Gesamt-E2E-Freigabe.	"[{""report"": ""implementation/registry.md"", ""summary"": ""Real registry/default/canonical-ref isolation and package syntax rejection; all24 capability-security assertions; original relevant gates/typecheck/lint; independent review.""}]"	not evaluated in AP01; source for AP04
PCR-REGISTRY-002	verifiziert	Lokale Originalregressionen und unabhängige Codegegenprüfung; keine Deployment-/Gesamt-E2E-Freigabe.	"[{""report"": ""implementation/registry.md"", ""summary"": ""Real registry/default/canonical-ref isolation and package syntax rejection; all24 capability-security assertions; original relevant gates/typecheck/lint; independent review.""}]"	not evaluated in AP01; source for AP04
PCR-SDK-001	verifiziert	Lokale Originalregressionen und unabhängige Codegegenprüfung; keine Deployment-/Gesamt-E2E-Freigabe.	"[{""report"": ""implementation/contracts.md"", ""summary"": ""SDK/prompt tests and builds; real artifact/journal and Git consumers; 100 accepted JSON byte compatibility probes; independent review.""}, {""report"": ""implementation/sdk-json-compatibility.md"", ""summary"": ""345 akzeptierte Originalbytes in drei nativen Locales verglichen; echter Artifactspeicher liest alte Bytes, schwedische Re-Serialisierung ergibt anderen Digest. Historienaudit ausdrücklich kein permanenter Produktgate; versionierter Consumer-Cutover bleibt offen.""}, {""report"": ""implementation/wave47-sdk-subject-independent-review.md"", ""summary"": ""Versionierter Source-/Snapshot-/CLI-Recovery-Teil unabhängig geprüft. Gemeinsame Retirementconsumer-Regression behoben; kein Gesamtabschluss.""}, {""report"": ""implementation/sdk-checkpoint-encoding-independent-review.md"", ""summary"": ""Originaler ArtifactStore→Core-Checkpoint→Diskjournal-Consumerfehler behoben; Encodingbindung, unbekannte Versionen, Legacyreplay und echte SIGKILL/CLI-Recovery unabhängig geprüft. Root bestätigt 8/8 gezielte Tests auf integriertem Stand; Gesamtfinding bleibt offen.""}, {""report"": ""implementation/run3-sdk-repair-independent-review.md"", ""summary"": ""Explizite Repair-Identitäten, echte historische Producer und Cross-Locale-Core-Resume unabhängig 53/53 geprüft. Root kombiniert mit aktueller Attempt-/Artifact-Integration 84/84, keine Skips; Nova/Foundation-Typechecks grün. Weitere Digestconsumer bleiben offen.""}, ""docs/review/evidence/run3-root-sdk-final.txt"", {""report"": ""implementation/run3-review-evidence-independent-review.md"", ""summary"": ""Expliziter Review-Evidence-Codec unabhängig geprüft; Root bestätigt vollständige Originalsuite, 5/5 neue Locale/Schema/HTTP-Regressionen und 9/9 Source-/Recoveryfälle ohne Skips. Historische Compileridentität unverändert; SDK-Gesamtfinding bleibt wegen verbleibendem Adapterconsumer offen.""}, ""docs/review/evidence/run4-root-review-npm.txt"", ""docs/review/evidence/run4-root-review-recovery.txt"", {""report"": ""implementation/run5-adapter-independent-review.md"", ""summary"": ""Adapter-Identitätscutover unabhängig 28/28 geprüft. Root mit bereits integriertem Reader/Review/Retirement 87/87 ohne Skips, historische Original-CLI erneut erfolgreich; Generator, volle Types und unveränderter Lint grün. Kanonische Ownerverträge und alte Producergrenzen erhalten; Persistenz-Ungewissheit nicht in terminales Versagen umgedeutet. Gesamtfinding bleibt bis verbleibender Consumerprüfung offen.""}, ""docs/review/evidence/run6-root-adapter-integrated.txt"", ""docs/review/evidence/run6-root-adapter-historical-cli.txt"", {""report"": ""implementation/run9-sdk-root-review.md"", ""summary"": ""Unabhängig geprüfter run-frozen Transport: Root64/64 und volle ursprüngliche Review-Suite, Foundation/Nova-Types, Generator und archivierte CLI bestanden. Weitere Cache-/Report-/Prism-Domains bleiben offen.""}, {""report"": ""implementation/run9-prism-baseline-root-review.md"", ""summary"": ""Explizite Prism-Baseline-v2 unabhängig geprüft; Root alle16 Locale/CAS-Importkombinationen,5Matrixfälle,25Originaltests,3Types und begrenzter Lint bestanden. Historische Freigaben/v1 erhalten; kein Browser-/DB-Gesamtabschluss.""}, {""report"": ""implementation/run9-cache-reader-root-review.md"", ""summary"": ""Cache-v4/v2 und registrierter Prism-Reader unabhängig geprüft; Root gemeinsam71/71 Native-/Replay-/Operatorfälle,16 registrierte Readerfälle,24 Replayphasen,32 Localeconsumer und8 echte Eigentümerkonflikte bestanden. Volle Original-Review-Suite, archivierte CLI, Types/Generator bestanden; begrenzter Lint mit einer Warnung. Report-Cutover und separater Transport-No-Trap-Selektor bleiben offen.""}, {""report"": ""implementation/run10-runtime-admission-root-review.md"", ""summary"": ""Transport-Selektor validiert nun vor Reflektion. Unabhängige echte HTTP-/Journal-No-Trap-Prüfung; Root91/91 Original-/Cache-/Transportfälle plus16/24/32/8 Reader-Matrix und neue eigenständige Wiederherstellung6/6 bestanden. Types/SDK/Generator/Lint sowie volle unabhängige und Autoren-Review-Suite bestanden; ursprüngliche unveränderte Timingfehler mit vollständigen Wiederholungen erhalten. Report-Cutover und endlicher Consumerabschluss bleiben offen.""}, {""report"": ""implementation/run11-report-root-review.md"", ""summary"": ""Report-only Cutover unabhängig auf aktuellem Runtime-Head geprüft; Root volle Original-Review-Suite mit14 neuen Fällen/registriertem Livepfad,25 echte Native-/SIGKILL-/Replayfälle und frische Wiederherstellung11/11 bestanden. Archivierte Original-CLI/Phase6/Types/Generator bestanden; versehentlich ausgewählte historische Diagnosticfehlprobe ehrlich erhalten. Semantischer Czech-Bundle-/Governor-/Graph-/Summary-Defekt bleibt getrennt offen.""}, {""report"": ""https://github.com/datrab/kubeclaw/blob/4e7a12c2f24a841519373ff9c18110642d130521/docs/review/remediation/implementation/resume-39-20260911-delivery-review.md"", ""summary"": ""Unabhängige unveränderte Delivery-Matrix10/10 einschließlich48 Compilerkombinationen, fünf Sprachumgebungen und zwölf SIGKILL-Historien; vollständige Original-Review- und Remote-Test-Gate-Suites bestanden. Vier echte Cancellationfälle neu ergänzt und lokal bestanden; separate Testgegenprüfung und breitere SDK-/Semantikgates weiter offen. Quelle nicht integriert.""}, {""report"": ""https://github.com/datrab/kubeclaw/blob/d22ee1d298aa63050673e075b363ae4c996008dc/docs/review/remediation/implementation/resume-39-20260911-2h.md"", ""summary"": ""34 neue originale v2/v3-Consumer-Ablehnungsfälle lokal bestanden; echte Import-CAS/Reopen-, gültige Positivkontrollen und unveränderte Originaljournale gesichert. Sieben Delivery-Lintfehler behoben; Paketgrenzenprüfung durch korrekt platzierte Integrationstests repariert. Separate Gegenprüfung, vollständige Knip-/Semantikabnahme weiterhin offen; Quelle nicht integriert.""}, {""report"": ""implementation/resume-84-integration-root-review.md"", ""source_commit"": ""da02ba5ae6abe4b11c1addf992df308608eaed1f"", ""candidate_checkpoint"": ""0144df383250a1975d40b04746eac398ee77e747"", ""summary"": ""Delivery-Refactor und Consumerfälle unabhängig gegengeprüft; dabei verlorene statische Integrationstestabdeckung repariert, mit sechs echten Typfehlern plus drei Root-Negativen bestätigt. Paketgrenzen/Testabdeckung integriert; gekoppelte SDK-/Delivery-Quelle bleibt separat.""}, {""report"": ""implementation/pr6-knip.md"", ""summary"": ""Vollständiges Knip mit real installierten gesperrten Paketversionen bestanden; kanonischer Lint und ursprüngliche Review-/Lintregressionen sowie Pakettypprüfungen bestanden. Kein nativer Semantikabschluss.""}, {""report"": ""implementation/pr6-local-acceptance.md"", ""summary"": ""Gekoppelte semantische Digest-/Consumer- und historische Kompatibilitätsprüfung lokal noch nicht ausreichend abgeschlossen. Frühere lokale Czech-Gegenprobe und spätere Teilprüfungen ergeben noch keinen vollständigen lokalen Abschluss des integrierten SDK-Pakets. Markierte Helper-Aktion bleibt verboten; keine Umleitung.""}, {""report"": ""implementation/pr6-sdk-local-verification.md"", ""summary"": ""Lokaler SDK-Abschluss nach D12: ursprüngliche Serializer-/Artifact-/Effect-/Source-/History-/Compiler-/Semantik-/Summary-/Deliveryconsumer geprüft;13 Owner-,11 History- und5 Deliverytests bestehen, einschließlich12 echter SIGKILL-/Replaygrenzen. Veraltete Summary-Testkopplung an bewusst historisches v2 auf expliziten aktuellen v3-Vertrag korrigiert. Gesperrter Helper nicht erneut ausgeführt; Live-Reviewer/Modelle bleiben separat.""}]"	not evaluated in AP01; source for AP04
PCR-SDK-002	verifiziert	Lokale Originalregressionen und unabhängige Codegegenprüfung; keine Deployment-/Gesamt-E2E-Freigabe.	"[{""report"": ""implementation/contracts.md"", ""summary"": ""SDK/prompt tests and builds; real artifact/journal and Git consumers; 100 accepted JSON byte compatibility probes; independent review.""}]"	not evaluated in AP01; source for AP04
PCR-TELEMETRY-CONTRACT-001	verifiziert	Lokale Originalregressionen und unabhängige Codegegenprüfung; keine Deployment-/Gesamt-E2E-Freigabe.	"[{""report"": ""implementation/telemetry.md"", ""summary"": ""Original validators/generated TS/Go wire forms, independent decimal precision counterprobe and corrected integer decoding; independent review.""}]"	not evaluated in AP01; source for AP04
PCR-TELEMETRY-CONTRACT-002	verifiziert	Lokale Originalregressionen und unabhängige Codegegenprüfung; keine Deployment-/Gesamt-E2E-Freigabe.	"[{""report"": ""implementation/telemetry.md"", ""summary"": ""Original validators/generated TS/Go wire forms, independent decimal precision counterprobe and corrected integer decoding; independent review.""}]"	not evaluated in AP01; source for AP04
PCR-TEST-CONTRACT-001	verifiziert	Lokale Originalregressionen und unabhängige Codegegenprüfung; keine Deployment-/Gesamt-E2E-Freigabe.	"[{""report"": ""implementation/contracts-2.md"", ""summary"": ""Original contract regressions, real renderer/resolver/consumer tests, typechecks; independent review corrected component-order defect.""}]"	not evaluated in AP01; source for AP04
PCR-TEST-CONTRACT-002	verifiziert	Lokale Originalregressionen und unabhängige Codegegenprüfung; keine Deployment-/Gesamt-E2E-Freigabe.	"[{""report"": ""implementation/contracts-2.md"", ""summary"": ""Original contract regressions, real renderer/resolver/consumer tests, typechecks; independent review corrected component-order defect.""}]"	not evaluated in AP01; source for AP04
PCR-EFFECT-001	verifiziert	Lokale Originalregressionen und unabhängige Codegegenprüfung; keine Deployment-/Gesamt-E2E-Freigabe.	"[{""report"": ""implementation/effects.md"", ""summary"": ""Four original effect lifetime cases, three fail before/pass after; real artifact adapter; independent review.""}]"	not evaluated in AP01; source for AP04
PCR-EXEC-001	verifiziert	Lokale Originalregressionen und unabhängige Codegegenprüfung; keine Deployment-/Gesamt-E2E-Freigabe.	"[{""report"": ""implementation/recovery.md"", ""summary"": ""Original engine journal prefixes, five regressions, legacy wait IDs, resume and checkpoint gates; independent review and root repeat.""}]"	not evaluated in AP01; source for AP04
PCR-EXEC-002	verifiziert	Lokale Originalregressionen und unabhängige Codegegenprüfung; keine Deployment-/Gesamt-E2E-Freigabe.	"[{""report"": ""implementation/recovery.md"", ""summary"": ""Real Delivery-Lint producer and artifact adapter consumer; projection replay without producer rerun; independent review and root repeat.""}]"	not evaluated in AP01; source for AP04
PCR-OBS-001	verifiziert	Lokale Originalregressionen und unabhängige Codegegenprüfung; keine Deployment-/Gesamt-E2E-Freigabe.	"[{""report"": ""implementation/observability-replay.md"", ""summary"": ""Three real-store tests with27 corruption variants, pending replay and closure expiry; original durable stores/reconciliation/typecheck; independent review and root repeat.""}]"	not evaluated in AP01; source for AP04
PCR-STATE-001	verifiziert	Lokale Originalregressionen und unabhängige Codegegenprüfung; keine Deployment-/Gesamt-E2E-Freigabe.	"[{""report"": ""implementation/state.md"", ""summary"": ""Six state regressions incl real SIGKILL/12 contenders; effect ownership3; phase7/lifecycle/scale/typecheck/lint; independent review.""}]"	not evaluated in AP01; source for AP04
PCR-STATE-002	verifiziert	Lokale Originalregressionen und unabhängige Codegegenprüfung; keine Deployment-/Gesamt-E2E-Freigabe.	"[{""report"": ""implementation/state.md"", ""summary"": ""Six state regressions incl real SIGKILL/12 contenders; effect ownership3; phase7/lifecycle/scale/typecheck/lint; independent review.""}]"	not evaluated in AP01; source for AP04
PCR-BUSTER-ENGINE-002	verifiziert	Lokale Originalregressionen und unabhängige Codegegenprüfung; keine Deployment-/Gesamt-E2E-Freigabe.	"[{""report"": ""implementation/buster-engine.md"", ""summary"": ""Real native process/pipe/RPC regressions, kernel process-group acknowledgement, original kubectl gate and independent review; positive isolated-provider path remains environment-blocked.""}]"	not evaluated in AP01; source for AP04
PCR-BUSTER-ENGINE-003	verifiziert	Lokale Originalregressionen und unabhängige Codegegenprüfung; keine Deployment-/Gesamt-E2E-Freigabe.	"[{""report"": ""implementation/buster-engine.md"", ""summary"": ""Real native process/pipe/RPC regressions, kernel process-group acknowledgement, original kubectl gate and independent review; positive isolated-provider path remains environment-blocked.""}]"	not evaluated in AP01; source for AP04
PCR-COMMAND-001	verifiziert	Lokale Originalregressionen und unabhängige Codegegenprüfung; keine Deployment-/Gesamt-E2E-Freigabe.	"[{""report"": ""implementation/buster-engine.md"", ""summary"": ""Real native process/pipe/RPC regressions, kernel process-group acknowledgement, original kubectl gate and independent review; positive isolated-provider path remains environment-blocked.""}]"	not evaluated in AP01; source for AP04
PCR-ISOLATION-001	verifiziert	Lokale Originalregressionen und unabhängige Codegegenprüfung; keine Deployment-/Gesamt-E2E-Freigabe.	"[{""report"": ""implementation/isolation.md"", ""summary"": ""Native build and16 real protocol/host/config/page-size tests; independent review. Full delegated-cgroup kernel proof blocked.""}]"	not evaluated in AP01; source for AP04
PCR-ISOLATION-002	verifiziert		"[{""report"": ""implementation/isolation.md"", ""summary"": ""Echte Prozessbaum-/Credential-drop-/Host-SIGKILL-Abnahme durch fehlende proc-children und delegierte Cgroups blockiert.""}, {""report"": ""implementation/pr6-local-acceptance.md"", ""summary"": ""Implementierter TERM-/Cgroup-/Parent-death-Vertrag, echte Session-/Prozessregressionen und gehärteter C-Build; Kernel-Prozessbaumabnahme wird separat nachgeholt.""}]"	not evaluated in AP01; source for AP04
PCR-ISOLATION-003	verifiziert	Lokale Originalregressionen und unabhängige Codegegenprüfung; keine Deployment-/Gesamt-E2E-Freigabe.	"[{""report"": ""implementation/isolation.md"", ""summary"": ""Native build and16 real protocol/host/config/page-size tests; independent review. Full delegated-cgroup kernel proof blocked.""}]"	not evaluated in AP01; source for AP04
PCR-ISOLATION-004	verifiziert		"[{""report"": ""implementation/isolation.md"", ""summary"": ""Reale Cgroup2-Speicher/OOM-Grenze implementiert, konservative Page-Rundung lokal geprüft; Kernelabnahme mangels Delegation blockiert.""}, {""report"": ""implementation/pr6-local-acceptance.md"", ""summary"": ""Reale Cgroup-Limitimplementierung mit konservativer Page-Rundung, exaktem Readback und Fail-closed; lokale Konfigurations-/Page-/Sessiontests vorhanden. Kernel-OOM ist späterer Betriebstest.""}]"	not evaluated in AP01; source for AP04
PCR-KUBERNETES-FIXTURE-002	verifiziert	Lokale Originalregressionen und unabhängige Codegegenprüfung; keine Deployment-/Gesamt-E2E-Freigabe.	"[{""report"": ""implementation/buster-engine.md"", ""summary"": ""Real native process/pipe/RPC regressions, kernel process-group acknowledgement, original kubectl gate and independent review; positive isolated-provider path remains environment-blocked.""}]"	not evaluated in AP01; source for AP04
PCR-NETWORK-001	verifiziert	Lokale Originalregressionen und unabhängige Codegegenprüfung; keine Deployment-/Gesamt-E2E-Freigabe.	"[{""report"": ""implementation/process-network.md"", ""summary"": ""Real descendant termination and HTTP streaming/disconnect/timeout tests; both package suites and independent race probes passed; root repeated suites.""}]"	not evaluated in AP01; source for AP04
PCR-NETWORK-002	verifiziert	Lokale Originalregressionen und unabhängige Codegegenprüfung; keine Deployment-/Gesamt-E2E-Freigabe.	"[{""report"": ""implementation/process-network.md"", ""summary"": ""Real descendant termination and HTTP streaming/disconnect/timeout tests; both package suites and independent race probes passed; root repeated suites.""}]"	not evaluated in AP01; source for AP04
PCR-NOVA-GATE-001	verifiziert	Lokale Originalregressionen und unabhängige Codegegenprüfung; keine Deployment-/Gesamt-E2E-Freigabe.	"[{""report"": ""implementation/nova-gate-deadlines.md"", ""summary"": ""Authenticated original HTTP/store fault paths and real Git compressor cancellation incl escaped-pipe bounded failure; independent review; atomic filesystem writes drain beyond budget rather than being abandoned.""}]"	not evaluated in AP01; source for AP04
PCR-NOVA-GATE-002	verifiziert	Lokale Originalregressionen und unabhängige Codegegenprüfung; keine Deployment-/Gesamt-E2E-Freigabe.	"[{""report"": ""implementation/nova-gate-deadlines.md"", ""summary"": ""Authenticated original HTTP/store fault paths and real Git compressor cancellation incl escaped-pipe bounded failure; independent review; atomic filesystem writes drain beyond budget rather than being abandoned.""}]"	not evaluated in AP01; source for AP04
PCR-NOVA-GATE-003	verifiziert	Lokale Originalregressionen und unabhängige Codegegenprüfung; keine Deployment-/Gesamt-E2E-Freigabe.	"[{""report"": ""implementation/nova-remote-boundaries.md"", ""summary"": ""Original IPv6/IPv4 loopback and aggregate archive/evidence quota regressions; independent review.""}]"	not evaluated in AP01; source for AP04
PCR-NOVA-GATE-004	verifiziert	Lokale Originalregressionen und unabhängige Codegegenprüfung; keine Deployment-/Gesamt-E2E-Freigabe.	"[{""report"": ""implementation/nova-remote-boundaries.md"", ""summary"": ""Original IPv6/IPv4 loopback and aggregate archive/evidence quota regressions; independent review.""}]"	not evaluated in AP01; source for AP04
PCR-NOVA-GATE-005	verifiziert		"[{""report"": ""implementation/nova-gate-deadlines.md"", ""summary"": ""Öffentlicher Graphreader korrigiert; realer Vollprozess-Restart scheitert an Sandbox vor neuer Assertion; kein bestandener Nachweis.""}, {""report"": ""implementation/pr6-local-acceptance.md"", ""summary"": ""Obsolete Graphdatei durch ursprünglichen öffentlichen Importstore-Reader ersetzt. Originale lokale Import-/Store-/HTTP-Recoveryprüfungen decken den Reader ab; vollständiger Sandboxrestart ist separat.""}]"	not evaluated in AP01; source for AP04
PCR-RUNTIME-001	verifiziert		"[{""report"": ""implementation/runtime-session-cleanup.md"", ""summary"": ""Autorisierte einmalige Cleanupfrist und transitive Sessionbindung; ursprüngliche 25 Fälle plus vier finale Identitätsgegenproben bestanden. Native OpenClaw-Terminierung nicht behauptet.""}, {""report"": ""implementation/wave47-root-review.md"", ""summary"": ""22 echte Core/HTTP-Cleanupregressionen unabhängig bestanden, einschließlich Timeout, Elternabbruch, später Identität und persistierter Ungewissheit.""}]"	not evaluated in AP01; source for AP04
PCR-WORKER-001	verifiziert		"[{""report"": ""implementation/worker-deadline.md"", ""summary"": ""15 real worker/Prism tests independently pass; full phase deadline, final materialization fence, real file/upload cancellation and explicit unresolved drain verified. Native Buster process termination remains separate blocked host gate; no arbitrary JavaScript termination or atomic I/O rollback claim.""}]"	not evaluated in AP01; source for AP04
PATH-T04-001	verifiziert		"[{""report"": ""implementation/approval-source-binding.md"", ""summary"": ""Original engine/Git/artifact/wait path: final17 tests pass. Independent reviewer reproduced and rechecked worktree-source and renewal defects; mode/symlink regressions pass. Root source-boundary review complete. No live model or deployed role E2E claim.""}]"	not evaluated in AP01; source for AP04
PATH-T04-002	verifiziert		"[{""report"": ""implementation/discord-delivery-receipt.md"", ""summary"": ""Remote 7ac8a7fe95066b5dcf3bf9bf53ad1894410bc4e9: tatsächliche Discord-ID+Wire-Payloaddigest und dauerhaft unsichere verlorene Antwort; neun Originalregressionen bestanden. Native Zustellung/Ready-Produzent offen.""}, {""report"": ""implementation/pr6-risk-and-registry.md"", ""summary"": ""D10-Risikoakzeptanz verlangt jetzt eine nichtleere Begründung; blocking bleibt nicht übersteuerbar. Vier echte Core/Git/Artefakt-Gatefolgen, neun Source-Regressionsfälle, Originalpakettests, Compiler und Paketbuild bestanden. Lokaler Abschluss nach D12.""}]"	not evaluated in AP01; source for AP04
PATH-T04-003	verifiziert	Lokale Originalregressionen und unabhängige Codegegenprüfung; keine Deployment-/Gesamt-E2E-Freigabe.	"[{""report"": ""implementation/approval-invalidation.md"", ""summary"": ""Original graph/Git/artifact/operator/wait paths and5 crash prefixes; independent review. Separate startup latency regression subsequently fixed.""}]"	not evaluated in AP01; source for AP04
PCR-APPROVAL-001	verifiziert	Lokale Originalregressionen und unabhängige Codegegenprüfung; keine Deployment-/Gesamt-E2E-Freigabe.	"[{""report"": ""implementation/approval-invalidation.md"", ""summary"": ""Original graph/Git/artifact/operator/wait paths and5 crash prefixes; independent review. Separate startup latency regression subsequently fixed.""}]"	not evaluated in AP01; source for AP04
PTR-T05-001	verifiziert		"[{""report"": ""implementation/nova-repair-budget.md"", ""summary"": ""Independent review plus12 genuine budget/recovery tests and13 original admin/evidence/Forge tests pass. Exact committed source2f265ae Nova typecheck and12tests independently pass; post-extra-order hard failure explicitly blocked.""}]"	not evaluated in AP01; source for AP04
PATH-T07-001	verifiziert	Lokale Originalregressionen und unabhängige Codegegenprüfung; keine Deployment-/Gesamt-E2E-Freigabe.	"[{""report"": ""implementation/forge-workspace.md"", ""summary"": ""Eight original Core/Git/HTTP/ESLint cases, seven exact baseline-source failures, extra stale-owner/symlink/deadline probes; independent review.""}]"	not evaluated in AP01; source for AP04
PCR-GIT-001	verifiziert	Lokale Originalregressionen und unabhängige Codegegenprüfung; keine Deployment-/Gesamt-E2E-Freigabe.	"[{""report"": ""implementation/git-repository.md"", ""summary"": ""Real Git errors, repository symlink/race and collector boundaries; independent review.""}]"	not evaluated in AP01; source for AP04
PCR-IMPLEMENTATION-001	verifiziert	Lokale Originalregressionen und unabhängige Codegegenprüfung; keine Deployment-/Gesamt-E2E-Freigabe.	"[{""report"": ""implementation/forge-workspace.md"", ""summary"": ""Eight original Core/Git/HTTP/ESLint cases, seven exact baseline-source failures, extra stale-owner/symlink/deadline probes; independent review.""}]"	not evaluated in AP01; source for AP04
PCR-REPOSITORY-001	verifiziert	Lokale Originalregressionen und unabhängige Codegegenprüfung; keine Deployment-/Gesamt-E2E-Freigabe.	"[{""report"": ""implementation/git-repository.md"", ""summary"": ""Real Git errors, repository symlink/race and collector boundaries; independent review.""}]"	not evaluated in AP01; source for AP04
T06-F01	verifiziert	Lokale Originalregressionen und unabhängige Codegegenprüfung; keine Deployment-/Gesamt-E2E-Freigabe.	"[{""report"": ""implementation/forge-workspace.md"", ""summary"": ""Eight original Core/Git/HTTP/ESLint cases, seven exact baseline-source failures, extra stale-owner/symlink/deadline probes; independent review.""}]"	not evaluated in AP01; source for AP04
PATH-T11-001	verifiziert		"[{""report"": ""implementation/junit-executed-required.md"", ""summary"": ""Actual Node JUnit output, original parser/finalizer and localhost HTTP Nova import/FileStore verified independently; no review override or invented failed case for missing execution. Full native provider/adapter/runner path blocked by actual EPIPE/exit70 host prerequisite failure.""}, {""report"": ""implementation/pr6-local-acceptance.md"", ""summary"": ""Originaler Parser/Finalizer und Nova-Importer lehnen nicht ausgeführte Pflichtfälle ab; echte Node-JUnitdateien, HTTP und wiedereröffneter Store geprüft.""}]"	not evaluated in AP01; source for AP04
PATH-T11-002	verifiziert		"[{""report"": ""implementation/gate-coverage.md"", ""summary"": ""44-Dateien-Änderung unabhängig geprüft: vorab deklarierte vollständige Abdeckung, echte Git/HTTP/Store/Node-Gegenproben und originale Consumerchecks; vollständige native Ausführung offen.""}, {""report"": ""implementation/wave47-root-review.md"", ""summary"": ""Originaler Resolver und reale Nova/Buster HTTP/Store/Git-Entscheidung unabhängig geprüft: unvollständige Pflichtabdeckung blockiert, optionale Skips erhalten.""}]"	not evaluated in AP01; source for AP04
PATH-T13-001	verifiziert		"[{""report"": ""implementation/gate-coverage.md"", ""summary"": ""44-Dateien-Änderung unabhängig geprüft: vorab deklarierte vollständige Abdeckung, echte Git/HTTP/Store/Node-Gegenproben und originale Consumerchecks; vollständige native Ausführung offen.""}, {""report"": ""implementation/pr6-local-acceptance.md"", ""summary"": ""Kumulative Coverage und Finalgraph sind implementiert; lokale Compiler-, Originalconsumer-, Git-/Node-Interaktions- und Summaryprüfungen decken die Bindungen ab.""}]"	not evaluated in AP01; source for AP04
PCR-APIFLOW-001	verifiziert	Lokale Originalregressionen und unabhängige Codegegenprüfung; keine Deployment-/Gesamt-E2E-Freigabe.	"[{""report"": ""implementation/test-provider-semantics.md"", ""summary"": ""All five package suites/builds; independent repeat of real provider/HTTP/registry cases including40schemas and11Docker cases. Worker sandbox transport proof remains blocked.""}]"	not evaluated in AP01; source for AP04
PCR-CONTAINER-BUILD-001	verifiziert		"[{""report"": ""implementation/build-command.md"", ""summary"": ""Real HTTP deadline/digest/diagnostic and production output validator/resolver evidence passes independent review. Actual BuildKit/full native runner acceptance remains blocked; no timed_out classification claim.""}, {""report"": ""implementation/pr6-local-acceptance.md"", ""summary"": ""Originaler Outputvalidator akzeptiert fachlichen Fehlschlag ohne Image, prüft vorhandene Outputs weiter und verweigert fehlende Erfolgsoutputs; lokale Originaltests vorhanden.""}]"	not evaluated in AP01; source for AP04
PCR-CONTAINER-BUILD-002	verifiziert		"[{""report"": ""implementation/build-command.md"", ""summary"": ""Real HTTP deadline/digest/diagnostic and production output validator/resolver evidence passes independent review. Actual BuildKit/full native runner acceptance remains blocked; no timed_out classification claim.""}, {""report"": ""implementation/pr6-local-acceptance.md"", ""summary"": ""Ein absolutes Budget gilt bis Registryprüfung und Erfolg; echte HTTP-Deadline-, Digest-, Abbruch- und Diagnosetests bestehen.""}]"	not evaluated in AP01; source for AP04
PCR-DELIVERY-001	verifiziert	Lokale Originalregressionen und unabhängige Codegegenprüfung; keine Deployment-/Gesamt-E2E-Freigabe.	"[{""report"": ""implementation/test-provider-semantics.md"", ""summary"": ""All five package suites/builds; independent repeat of real provider/HTTP/registry cases including40schemas and11Docker cases. Worker sandbox transport proof remains blocked.""}]"	not evaluated in AP01; source for AP04
PCR-DIRECT-COMMAND-001	verifiziert		"[{""report"": ""implementation/build-command.md"", ""summary"": ""Real HTTP deadline/digest/diagnostic and production output validator/resolver evidence passes independent review. Actual BuildKit/full native runner acceptance remains blocked; no timed_out classification claim.""}, {""report"": ""https://github.com/datrab/kubeclaw/blob/d22ee1d298aa63050673e075b363ae4c996008dc/docs/review/remediation/implementation/resume-39-20260911-2h.md"", ""summary"": ""Originaler nativer Runner nach regulärem Sandbox-Build erneut ausgeführt: write EPIPE, open task children: No such file or directory. Originalassertion erhalten; keine Hostumgehung, keine erfolgreiche Providerausführung.""}, {""report"": ""implementation/resume-84-integration-root-review.md"", ""source_commit"": ""da02ba5ae6abe4b11c1addf992df308608eaed1f"", ""candidate_checkpoint"": ""0144df383250a1975d40b04746eac398ee77e747"", ""summary"": ""Originaltests korrekt als Integrationstests eingeordnet; ursprüngliche npm-Einstiegspunkte erhalten, Outputvertragsprüfung und unveränderte Paketgrenzenprüfung auf integrierter Quelle bestanden.""}, {""report"": ""implementation/pr6-local-acceptance.md"", ""summary"": ""Alle acht Outputslots besitzen den passenden Medientypvertrag; ursprüngliche Registry-/Resolver-/FileEvidenceStore-/Validatorprüfung deckt Slots und Negativfälle ab.""}]"	not evaluated in AP01; source for AP04
PCR-HTTP-001	verifiziert	Lokale Originalregressionen und unabhängige Codegegenprüfung; keine Deployment-/Gesamt-E2E-Freigabe.	"[{""report"": ""implementation/test-provider-semantics.md"", ""summary"": ""All five package suites/builds; independent repeat of real provider/HTTP/registry cases including40schemas and11Docker cases. Worker sandbox transport proof remains blocked.""}]"	not evaluated in AP01; source for AP04
PCR-JUNIT-001	verifiziert	Lokale Originalregressionen und unabhängige Codegegenprüfung; keine Deployment-/Gesamt-E2E-Freigabe.	"[{""report"": ""implementation/test-provider-semantics.md"", ""summary"": ""All five package suites/builds; independent repeat of real provider/HTTP/registry cases including40schemas and11Docker cases. Worker sandbox transport proof remains blocked.""}]"	not evaluated in AP01; source for AP04
PCR-LINT-001	verifiziert	Lokale Originalregressionen und unabhängige Codegegenprüfung; keine Deployment-/Gesamt-E2E-Freigabe.	"[{""report"": ""implementation/lint.md"", ""summary"": ""Full lint package suite with real ShellCheck/shfmt; eight targeted regressions including repeated process-group termination; independent review.""}]"	not evaluated in AP01; source for AP04
PCR-LINT-002	verifiziert	Lokale Originalregressionen und unabhängige Codegegenprüfung; keine Deployment-/Gesamt-E2E-Freigabe.	"[{""report"": ""implementation/lint.md"", ""summary"": ""Full lint package suite with real ShellCheck/shfmt; eight targeted regressions including repeated process-group termination; independent review.""}]"	not evaluated in AP01; source for AP04
PCR-LINT-003	verifiziert	Lokale Originalregressionen und unabhängige Codegegenprüfung; keine Deployment-/Gesamt-E2E-Freigabe.	"[{""report"": ""implementation/lint.md"", ""summary"": ""Full lint package suite with real ShellCheck/shfmt; eight targeted regressions including repeated process-group termination; independent review.""}]"	not evaluated in AP01; source for AP04
PCR-OPENAPI-001	verifiziert	Lokale Originalregressionen und unabhängige Codegegenprüfung; keine Deployment-/Gesamt-E2E-Freigabe.	"[{""report"": ""implementation/test-provider-semantics.md"", ""summary"": ""All five package suites/builds; independent repeat of real provider/HTTP/registry cases including40schemas and11Docker cases. Worker sandbox transport proof remains blocked.""}]"	not evaluated in AP01; source for AP04
PCR-OPENAPI-002	verifiziert	Lokale Originalregressionen und unabhängige Codegegenprüfung; keine Deployment-/Gesamt-E2E-Freigabe.	"[{""report"": ""implementation/test-provider-semantics.md"", ""summary"": ""All five package suites/builds; independent repeat of real provider/HTTP/registry cases including40schemas and11Docker cases. Worker sandbox transport proof remains blocked.""}]"	not evaluated in AP01; source for AP04
PCR-REVIEW-AUDIT-001	verifiziert	Lokale Originalregressionen und unabhängige Codegegenprüfung; keine Deployment-/Gesamt-E2E-Freigabe.	"[{""report"": ""implementation/review.md"", ""summary"": ""Full original package suites/build, real Core/Git/artifact/TCP integration, parser/completion/admission and all-JS-line-terminator scanner probes; independent review. No live malformed-model E2E.""}]"	not evaluated in AP01; source for AP04
PCR-REVIEW-AUDIT-002	verifiziert	Lokale Originalregressionen und unabhängige Codegegenprüfung; keine Deployment-/Gesamt-E2E-Freigabe.	"[{""report"": ""implementation/review.md"", ""summary"": ""Full original package suites/build, real Core/Git/artifact/TCP integration, parser/completion/admission and all-JS-line-terminator scanner probes; independent review. No live malformed-model E2E.""}]"	not evaluated in AP01; source for AP04
PCR-REVIEW-AUDIT-003	verifiziert	Lokale Originalregressionen und unabhängige Codegegenprüfung; keine Deployment-/Gesamt-E2E-Freigabe.	"[{""report"": ""implementation/review.md"", ""summary"": ""Full original package suites/build, real Core/Git/artifact/TCP integration, parser/completion/admission and all-JS-line-terminator scanner probes; independent review. No live malformed-model E2E.""}]"	not evaluated in AP01; source for AP04
PCR-REVIEW-AUDIT-004	verifiziert	Lokale Originalregressionen und unabhängige Codegegenprüfung; keine Deployment-/Gesamt-E2E-Freigabe.	"[{""report"": ""implementation/review.md"", ""summary"": ""Full original package suites/build, real Core/Git/artifact/TCP integration, parser/completion/admission and all-JS-line-terminator scanner probes; independent review. No live malformed-model E2E.""}]"	not evaluated in AP01; source for AP04
PCR-REVIEW-POLICY-001	verifiziert	Lokale Originalregressionen und unabhängige Codegegenprüfung; keine Deployment-/Gesamt-E2E-Freigabe.	"[{""report"": ""implementation/review.md"", ""summary"": ""Full original package suites/build, real Core/Git/artifact/TCP integration, parser/completion/admission and all-JS-line-terminator scanner probes; independent review. No live malformed-model E2E.""}]"	not evaluated in AP01; source for AP04
PCR-REVIEW-POLICY-002	verifiziert	Lokale Originalregressionen und unabhängige Codegegenprüfung; keine Deployment-/Gesamt-E2E-Freigabe.	"[{""report"": ""implementation/review.md"", ""summary"": ""Full original package suites/build, real Core/Git/artifact/TCP integration, parser/completion/admission and all-JS-line-terminator scanner probes; independent review. No live malformed-model E2E.""}]"	not evaluated in AP01; source for AP04
PCR-VISUAL-001	verifiziert		"[""docs/review/remediation/implementation/visual-browser-identity.md"", ""docs/review/evidence/visual-browser-identity.txt"", {""report"": ""implementation/pr6-local-acceptance.md"", ""summary"": ""Browserbuild ist im v2-Baselinevertrag und Originalprovider gebunden; lokale Schema-/Provider-/Preflighttests prüfen Ablehnung ungebundener Baselines. Neuaufnahme bleibt Live-Aufgabe.""}]"	not evaluated in AP01; source for AP04
PATH-T02-001	verifiziert		"[{""report"": ""implementation/prism-preferences.md"", ""summary"": ""Persisted generation snapshot reaches original bridge prompt with generation identity. SQL, configuration and bridge process boundary pass; native PostgreSQL/full Control plus real OpenClaw generation and result callback remain unexecuted. Active architecture/round binding tracked separately in PATH-T02-002/003.""}, {""report"": ""implementation/wave49-prism-control-independent-review.md"", ""summary"": ""18/18 unabhängige Original-HTTP/SQL/Configtests, keine Skips, Typecheck und begrenzte neue Module lintfrei. Root wiederholt beide HTTPtests und 3 Konfigurationstests auf integriertem a134377; PATH-T02-002-Diagnose bleibt offen.""}]"	not evaluated in AP01; source for AP04
PATH-T02-002	verifiziert		"[""docs/review/remediation/implementation/prism-design-rounds.md"", {""report"": ""https://github.com/datrab/kubeclaw/blob/d22ee1d298aa63050673e075b363ae4c996008dc/docs/review/remediation/implementation/resume-39-20260911-2h.md"", ""summary"": ""Prism- und tatsächlicher Studio-TSX-Typecheck bestehen auf gesichertem Kandidaten. Studio-App-Quelldatei identisch zur Integration; alter Typfehlerhinweis veraltet. Native PostgreSQL-Pool-, Browser- und Agentabnahme bleibt offen.""}, {""report"": ""implementation/resume-84-integration-root-review.md"", ""source_commit"": ""da02ba5ae6abe4b11c1addf992df308608eaed1f"", ""candidate_checkpoint"": ""0144df383250a1975d40b04746eac398ee77e747"", ""summary"": ""Prism-Typprüfung und frische lokale HTTP-/Worker-Komposition auf integrierter Quelle bestanden; kein neuer TypeScriptblocker.""}, {""report"": ""implementation/pr6-local-acceptance.md"", ""summary"": ""Runden-/Architekturversion und Wiederholung sind im Original-SQL-/HTTP-/Clientpfad gebunden; lokale konkurrierende, verspätete und verlorene Antwortfälle sind geprüft.""}]"	not evaluated in AP01; source for AP04
PATH-T02-003	verifiziert		"[""docs/review/remediation/implementation/prism-design-rounds.md"", {""report"": ""implementation/wave47-root-review.md"", ""summary"": ""Originale SQL-Persistenz und HTTP-Retry unabhängig bestanden: zwei Runden, sechs Dokumente, drei historische Ablehnungen; keine zusätzliche native Pool-/Browseranforderung im Originalbefund.""}]"	not evaluated in AP01; source for AP04
PCR-PRISM-AGENT-BRIDGE-001	verifiziert		"[""docs/review/remediation/implementation/prism-agent-jobs.md"", ""docs/review/remediation/implementation/prism-agent-resource-v2.md"", ""docs/review/evidence/integration-2d1ea1a/manifest.json"", {""report"": ""implementation/pr6-local-acceptance.md"", ""summary"": ""Originale persistierte Job-/Fence-/Claim-/HTTP-/Corepfade samt DB-Reopen sind lokal geprüft; externe ungewisse Aktionen werden nicht blind wiederholt.""}]"	not evaluated in AP01; source for AP04
PCR-PRISM-AGENT-BRIDGE-002	verifiziert		"[""docs/review/remediation/implementation/prism-agent-jobs.md"", ""docs/review/remediation/implementation/prism-agent-resource-v2.md"", ""docs/review/evidence/integration-2d1ea1a/manifest.json"", {""report"": ""implementation/pr6-local-acceptance.md"", ""summary"": ""Verlustfreie Projekt-/Namespace-Sitzungsidentität und Ablehnung mehrdeutiger Legacyübernahme lokal geprüft; keine bloße Sanitizing-Abkürzung.""}]"	not evaluated in AP01; source for AP04
PCR-PRISM-CONTROL-001	verifiziert		"[{""report"": ""implementation/prism-worker-control.md"", ""summary"": ""Production engine/executor and authenticated HTTP/CAS helpers verified; Root five original worker tests pass. Full original services with native PostgreSQL and DB commit/rollback proof remain unexecuted; existing monolith lint remains red.""}, {""report"": ""https://github.com/datrab/kubeclaw/blob/d22ee1d298aa63050673e075b363ae4c996008dc/docs/review/remediation/implementation/resume-39-20260911-2h.md"", ""summary"": ""Aktueller Control-Einstieg besteht kanonischen Lint; Quelldatei identisch zur Integration. Ursprüngliche Worker-Service-Tests im Enginepaket bestanden. Volle native PostgreSQL-/Commit-/Rollback-Abnahme bleibt offen.""}, {""report"": ""implementation/pr6-local-acceptance.md"", ""summary"": ""Originale Envelope-/Claim-/Worker-/Schema-/Digest-/Evidenzbindung und gebundener Replay sind lokal mit Core, HTTP und CAS geprüft.""}]"	not evaluated in AP01; source for AP04
PCR-PRISM-CONTROL-002	verifiziert		"[{""report"": ""implementation/prism-control.md"", ""summary"": ""Atomic direction/preference SQL and real Studio proxy verified independently; Root 12/12 PGlite/HTTP tests pass. Native pooled PostgreSQL and full Control lost-ACK service proof remain unexecuted.""}, {""report"": ""implementation/pr6-local-acceptance.md"", ""summary"": ""UUID-/Wire-ID-Trennung und atomare Entscheidungen mit Replay sind durch echte lokale SQL-Rollbacks und ursprünglichen Studio-HTTP-Proxy geprüft.""}]"	not evaluated in AP01; source for AP04
PCR-PRISM-CORPUS-001	verifiziert		"[{""report"": ""implementation/prism-corpus.md"", ""summary"": ""Reserved transaction/advisory lock source reviewed; actual PGlite rollback tests pass. NativePG17.5/pgvector0.8.0 built but root-only UID mapping prevents legitimate initdb; real multi-connection gate not run.""}, {""report"": ""implementation/pr6-local-acceptance.md"", ""summary"": ""Transaktionshelper reserviert eine Verbindung für Lock und sämtliche Writes; Original-SQL-/Rollback-/Idempotenztests und Typprüfung vorhanden. Mehrverbindungs-PG wird separat geprüft.""}]"	not evaluated in AP01; source for AP04
PCR-PRISM-INGESTION-001	verifiziert	Lokale Originalregressionen und unabhängige Codegegenprüfung; keine Deployment-/Gesamt-E2E-Freigabe.	"[{""report"": ""implementation/ingestion-service.md"", ""summary"": ""Original native EISDIR crash reproduced; actual child service returns503, stays healthy, retains auth and retries204; independent review.""}]"	not evaluated in AP01; source for AP04
PCR-PRISM-PREFERENCES-001	verifiziert		"[{""report"": ""implementation/prism-preferences.md"", ""summary"": ""Original reducer and SQL regressions verify collision-free user/project/scope identity, scoped retraction, explicit consent and project overrides; trusted platform subject checked before query. Independent review and targeted builds pass.""}]"	not evaluated in AP01; source for AP04
PCR-PRISM-STORAGE-001	verifiziert	Lokale Originalregressionen und unabhängige Codegegenprüfung; keine Deployment-/Gesamt-E2E-Freigabe.	"[{""report"": ""implementation/prism-artifacts.md"", ""summary"": ""Five native filesystem/multiprocess/SIGKILL/FIFO regressions and original store/archive suite; independent review. No host-powerloss proof.""}]"	not evaluated in AP01; source for AP04
PCR-PRISM-WORKER-001	verifiziert		"[{""report"": ""implementation/prism-worker-control.md"", ""summary"": ""Production engine/executor and authenticated HTTP/CAS helpers verified; Root five original worker tests pass. Full original services with native PostgreSQL and DB commit/rollback proof remain unexecuted; existing monolith lint remains red.""}, {""report"": ""implementation/resume-84-integration-root-review.md"", ""source_commit"": ""da02ba5ae6abe4b11c1addf992df308608eaed1f"", ""candidate_checkpoint"": ""0144df383250a1975d40b04746eac398ee77e747"", ""summary"": ""Zusätzlich echte Request-/Shutdown-Lebensdauer mit ursprünglichem nonce pg.Pool integriert; Verbindungsaufbau, gesetzte Stoppfrist und nicht als Erfolg ausgegebener Cutoff geprüft.""}, {""report"": ""implementation/pr6-local-acceptance.md"", ""summary"": ""Pflicht-Voll-Log ist an Originalexecutor und authentifizierten CAS gebunden; echter HTTP-/Dateispeicher-, Korruptions- und Budgetpfad lokal geprüft.""}]"	not evaluated in AP01; source for AP04
PCR-PRISM-WORKER-002	verifiziert		"[""docs/review/remediation/implementation/prism-worker-cancellation.md"", {""report"": ""implementation/attempt-resource-accountability-boundary.md"", ""summary"": ""Aktuelle Parentmessung erfasst nicht den gesamten Attempt; generischer Executor misst zusätzlich vor Finalisierung/Reportadapter. Atomare Owner-/Containment-/Engineintegration sowie echte delegierte Cgroups erforderlich. Keine funktionale Behebung in diesem Slice.""}, {""report"": ""implementation/resume-84-prism-cpu-ownership-direction.md"", ""source_commit"": ""56c205ef0b421f40a378dbe94f072f8c5e94aa91"", ""summary"": ""Zwei überlappende Originaloperationen reproduzieren doppelte CPU-Zurechnung:341ms berichtete Summe bei172.468ms tatsächlicher Parent-CPU. Konkrete generische Host-/Containment-/Terminalmessungsintegration ausgearbeitet. Kein Produktionsfix und kein nativer Browser-/Cgroupnachweis.""}, {""report"": ""implementation/pr6-local-acceptance.md"", ""summary"": ""Parallele Originaloperationen rechnen weiterhin gemeinsame Parent-CPU mehrfach zu; versuchsgebundener Owner und finale Messversiegelung fehlen im Produktionspfad.""}, {""report"": ""implementation/pr6-prism-native-local-closure.md"", ""summary"": ""Aktuellen nativen Produktionspfad geprüft: keine gemeinsame Parent-CPU-Messung mehr; per-Attempt-Scope und finale Zählerversiegelung vorhanden. 21 lokale Prüfungen bestanden, verbliebenen V1-Testimport korrigiert und alle 3 Vertragstests bestanden. Native Live-Abnahme separat offen.""}]"	not evaluated in AP01; source for AP04
PCR-PRISM-WORKER-003	verifiziert		"[""docs/review/remediation/implementation/prism-worker-cancellation.md"", {""report"": ""implementation/attempt-resource-accountability-boundary.md"", ""summary"": ""Aktuelle Parentmessung erfasst nicht den gesamten Attempt; generischer Executor misst zusätzlich vor Finalisierung/Reportadapter. Atomare Owner-/Containment-/Engineintegration sowie echte delegierte Cgroups erforderlich. Keine funktionale Behebung in diesem Slice.""}, {""report"": ""implementation/resume-84-integration-root-review.md"", ""source_commit"": ""da02ba5ae6abe4b11c1addf992df308608eaed1f"", ""candidate_checkpoint"": ""0144df383250a1975d40b04746eac398ee77e747"", ""summary"": ""Echte HTTP-Disconnect-Lücke sowie fehlender SIGTERM/SIGINT-Serviceabbruch behoben und unabhängig integriert. Original Core bleibt Abbruch-/Drainowner; tatsächliche Kindprozesse und native pg-TCP-Verbindungen geprüft, unaufgelöster Ablauf beendet Prozess mit Fehlercode.""}, {""report"": ""implementation/pr6-local-acceptance.md"", ""summary"": ""Owner-Abbruch, HTTP-Abbruch/Drain und Worker-Shutdown sind implementiert und lokal mit Originalpfaden geprüft. CPU-Zurechnung bleibt ausdrücklich eigenes offenes Finding.""}]"	not evaluated in AP01; source for AP04
PCR-PRISM-DOMAIN-001	verifiziert	Lokale Originalregressionen und unabhängige Codegegenprüfung; keine Deployment-/Gesamt-E2E-Freigabe.	"[{""report"": ""implementation/prism-domain.md"", ""summary"": ""Domain/PGlite13, engine7, storage/control6; seven baseline negative regressions; typecheck/lint and independent review.""}]"	not evaluated in AP01; source for AP04
PCR-PRISM-DOMAIN-002	verifiziert	Lokale Originalregressionen und unabhängige Codegegenprüfung; keine Deployment-/Gesamt-E2E-Freigabe.	"[{""report"": ""implementation/prism-domain.md"", ""summary"": ""Domain/PGlite13, engine7, storage/control6; seven baseline negative regressions; typecheck/lint and independent review.""}]"	not evaluated in AP01; source for AP04
PCR-PRISM-DOMAIN-003	verifiziert	Lokale Originalregressionen und unabhängige Codegegenprüfung; keine Deployment-/Gesamt-E2E-Freigabe.	"[{""report"": ""implementation/prism-domain.md"", ""summary"": ""Domain/PGlite13, engine7, storage/control6; seven baseline negative regressions; typecheck/lint and independent review.""}]"	not evaluated in AP01; source for AP04
PCR-PRISM-ENGINE-001	verifiziert		"[{""report"": ""implementation/prism-engine-cache.md"", ""summary"": ""15 original engine/render tests pass, including reviewer-reproduced mutable request binding correction. Completed count/serialized-byte limits and real artifact persistence verified. Original Chromium capture gate blocked by missing executable; long-lived capture/heap and full Control restart proof remain open.""}, {""report"": ""https://github.com/datrab/kubeclaw/blob/d22ee1d298aa63050673e075b363ae4c996008dc/docs/review/remediation/implementation/resume-39-20260911-2h.md"", ""summary"": ""Prism-Engine in Render-/Browsercallback-/Provider-Verantwortungen zerlegt; vier originale Lintverstöße behoben. 36 bestehende Tests ohne Skips und 12 bytegleiche Vergleiche gegen Originalquelle bestanden. Keine native Browser-/Heap-/DB-Recoveryabnahme, keine separate Gegenprüfung; Quelle nicht integriert.""}, {""report"": ""implementation/resume-84-integration-root-review.md"", ""source_commit"": ""da02ba5ae6abe4b11c1addf992df308608eaed1f"", ""candidate_checkpoint"": ""0144df383250a1975d40b04746eac398ee77e747"", ""summary"": ""Engineextraktion unabhängig mit 36 Originaltests, 12 Bytevergleichen und Callback-/Providerprüfung bestätigt und integriert. Frische Integrationssuite 55 bestanden, 1 expliziter nativer PG-Skip.""}, {""report"": ""implementation/pr6-local-acceptance.md"", ""summary"": ""Begrenzter Completed-LRU und getrennte aktive Eigentümerschaft implementiert; Originalengine mit 100 Rendern, Byte-/Countgrenzen, Koaleszierung und echtem CAS geprüft.""}]"	not evaluated in AP01; source for AP04
PCR-PRISM-RENDERER-001	verifiziert	Lokale Originalregressionen und unabhängige Codegegenprüfung; keine Deployment-/Gesamt-E2E-Freigabe.	"[{""report"": ""implementation/prism-renderer-studio.md"", ""summary"": ""Original render/property paths and36 canonical projection roundtrips within62 passing Node/HTTP tests; independent review. Browser acceptance separate.""}]"	not evaluated in AP01; source for AP04
PCR-PRISM-RENDERER-002	verifiziert		"[{""report"": ""implementation/prism-renderer-studio.md"", ""summary"": ""Action attributes and actual App transition wiring corrected; Node tests pass, actual iframe click proof blocked by missingChromium/CDNtimeout.""}, {""report"": ""implementation/pr6-local-acceptance.md"", ""summary"": ""Aktionsattribute und bestehender App-Übergang sind verbunden; Originalrenderer-/Remediationtests und echter Produktionsbuild vorhanden.""}]"	not evaluated in AP01; source for AP04
PCR-PRISM-STUDIO-001	verifiziert	Lokale Originalregressionen und unabhängige Codegegenprüfung; keine Deployment-/Gesamt-E2E-Freigabe.	"[{""report"": ""implementation/prism-renderer-studio.md"", ""summary"": ""Original render/property paths and36 canonical projection roundtrips within62 passing Node/HTTP tests; independent review. Browser acceptance separate.""}]"	not evaluated in AP01; source for AP04
PCR-PRISM-STUDIO-002	verifiziert		"[{""report"": ""implementation/prism-renderer-studio.md"", ""summary"": ""Actual HTTP artifact loading/digest/size/auth/abort tests pass; browser image decode/CSP proof blocked by missingChromium/CDNtimeout.""}, {""report"": ""implementation/pr6-local-acceptance.md"", ""summary"": ""Kanonische Assets werden über authentifizierten Pfad geladen und nach Bytes/Digest/Größe geprüft; Original-CAS-/HTTP-Negativ- und Abbruchtests bestehen.""}]"	not evaluated in AP01; source for AP04
PCR-PRISM-STUDIO-SERVICE-001	verifiziert	Lokale Originalregressionen und unabhängige Codegegenprüfung; keine Deployment-/Gesamt-E2E-Freigabe.	"[{""report"": ""implementation/studio-service.md"", ""summary"": ""Six actual child-service tests and independent oversize/backpressure probes; typecheck/scoped lint and review.""}]"	not evaluated in AP01; source for AP04
PCR-AGENTSOURCE-001	verifiziert	Lokale Originalregressionen und unabhängige Codegegenprüfung; keine Deployment-/Gesamt-E2E-Freigabe.	"[{""report"": ""implementation/observer-ingress.md"", ""summary"": ""Original host normalization/admission and real FileJournal ingress regressions; existing suites/typechecks and independent review; actual Redis/OpenClaw delivery unconfirmed.""}]"	not evaluated in AP01; source for AP04
PCR-HOSTOBSERVER-001	verifiziert	Lokale Originalregressionen und unabhängige Codegegenprüfung; keine Deployment-/Gesamt-E2E-Freigabe.	"[{""report"": ""implementation/observer-ingress.md"", ""summary"": ""Original host normalization/admission and real FileJournal ingress regressions; existing suites/typechecks and independent review; actual Redis/OpenClaw delivery unconfirmed.""}]"	not evaluated in AP01; source for AP04
PCR-HOSTOBSERVER-002	verifiziert	Lokale Originalregressionen und unabhängige Codegegenprüfung; keine Deployment-/Gesamt-E2E-Freigabe.	"[{""report"": ""implementation/observer-ingress.md"", ""summary"": ""Original host normalization/admission and real FileJournal ingress regressions; existing suites/typechecks and independent review; actual Redis/OpenClaw delivery unconfirmed.""}]"	not evaluated in AP01; source for AP04
PCR-NOTIFY-001	verifiziert		"[{""report"": ""implementation/operator-notification.md"", ""summary"": ""Actual observer/operator/network HTTP path accepts multiline and boundary labels;13 combined independent original regressions pass.""}]"	not evaluated in AP01; source for AP04
PCR-OPERATOR-001	verifiziert		"[{""report"": ""implementation/operator-notification.md"", ""summary"": ""Five real durable HTTP receipt/retry cases and legacy identity tests pass independent review. Intended external receiver support for explicit reconciliation protocol unproven; other provider retry semantics unchanged.""}, {""report"": ""implementation/wave47-root-review.md"", ""summary"": ""Fünf echte Core/HTTP/Disk-Reconciliationregressionen unabhängig bestanden: erneuter Send, genau eine Wirkung, begrenztes persistiertes Retrybudget.""}]"	not evaluated in AP01; source for AP04
PCR-REDISTRANSPORT-001	verifiziert		"[{""report"": ""implementation/redis-transport.md"", ""summary"": ""Three genuine native Redis/wire tests, original package tests/build/lint and independent code review pass; external consumer migration remains operational gate.""}]"	not evaluated in AP01; source for AP04
PCR-REDISTRANSPORT-002	verifiziert		"[{""report"": ""implementation/redis-transport.md"", ""summary"": ""Three genuine native Redis/wire tests, original package tests/build/lint and independent code review pass; external consumer migration remains operational gate.""}]"	not evaluated in AP01; source for AP04
PCR-TELEM-001	verifiziert		"[{""report"": ""implementation/telemetry-release-identities.md"", ""summary"": ""Both unchanged original gate programs pass after expected observer identities correction; independent Root rerun.""}]"	not evaluated in AP01; source for AP04
PCR-TSTORE-001	verifiziert		"[{""report"": ""implementation/telemetry-store.md"", ""summary"": ""Original adapter and real durable file store regressions, original engine integration, package build/tests and canonical lint pass; independent review confirms protected-field policy. Full D01 trusted demo provenance remains separate work.""}]"	not evaluated in AP01; source for AP04
PCR-TSTORE-002	verifiziert		"[{""report"": ""implementation/telemetry-store.md"", ""summary"": ""Real adapter/store rejects malicious and over-budget graphs before persistence; exact depth/node/byte bounds, shared references, descriptors and no partial write verified. Root reran tests and canonical lint after complexity refactor.""}]"	not evaluated in AP01; source for AP04
F-T14-01	verifiziert		"[{""report"": ""implementation/demo-credential-handoff.md"", ""summary"": ""Vorstufe unabhängig geprüft: dauerhafter Credential-Intent vor Create, Ablehnung fremder Vorbelegung, verlorene Antwort rekonstruierbar; pending Exposure ohne TTL-Verlängerung. Finaler Ready-/Receipt-Produzent fehlt.""}, {""report"": ""implementation/demo-handoff-independent-review.md"", ""summary"": ""Kompilierter quellgebundener Demo-Handoff, verifizierter Login, dauerhafte einmalige Zustellungsreceipt und Ready-Commit integriert. Interrupted receipt lookup ursächlich repariert und über echte Journal-/SIGKILL-Recovery gegengeprüft. Native Tailnet/Cluster/Empfängerabnahme, authentifizierte menschliche Acceptance und Verlängerung bleiben offen.""}, {""report"": ""implementation/run6-coupled-root-review.md"", ""summary"": ""Gekoppelte Product-/Controller-/Chart-Implementierung nach unabhängiger Prüfung und echten nativen CRD/CEL/CAS-/signierten Controller-Tests integriert; Root wiederholt Native, Product21(17verschiedene), Chart6 und Typprüfung erfolgreich. Echte Anwendung/Tailnet/Empfängerzustellung und menschliche Gesamtacceptance bleiben offen.""}, {""report"": ""implementation/pr6-local-acceptance.md"", ""summary"": ""Persistente Demo-/Exposure-Übergabe implementiert; ursprünglicher Product-/Controller-/Chartpfad einschließlich echtem lokalem API/CEL/CAS-/Recoverygate geprüft.""}]"	not evaluated in AP01; source for AP04
F-T14-02	verifiziert		"[{""report"": ""implementation/demo-credential-handoff.md"", ""summary"": ""Vorstufe unabhängig geprüft: dauerhafter Credential-Intent vor Create, Ablehnung fremder Vorbelegung, verlorene Antwort rekonstruierbar; pending Exposure ohne TTL-Verlängerung. Finaler Ready-/Receipt-Produzent fehlt.""}, {""report"": ""implementation/discord-delivery-receipt.md"", ""summary"": ""Remote 7ac8a7fe95066b5dcf3bf9bf53ad1894410bc4e9: tatsächliche Discord-ID+Wire-Payloaddigest und dauerhaft unsichere verlorene Antwort; neun Originalregressionen bestanden. Native Zustellung/Ready-Produzent offen.""}, {""report"": ""implementation/demo-handoff-independent-review.md"", ""summary"": ""Kompilierter quellgebundener Demo-Handoff, verifizierter Login, dauerhafte einmalige Zustellungsreceipt und Ready-Commit integriert. Interrupted receipt lookup ursächlich repariert und über echte Journal-/SIGKILL-Recovery gegengeprüft. Native Tailnet/Cluster/Empfängerabnahme, authentifizierte menschliche Acceptance und Verlängerung bleiben offen.""}, {""report"": ""implementation/run6-coupled-root-review.md"", ""summary"": ""Gekoppelte Product-/Controller-/Chart-Implementierung nach unabhängiger Prüfung und echten nativen CRD/CEL/CAS-/signierten Controller-Tests integriert; Root wiederholt Native, Product21(17verschiedene), Chart6 und Typprüfung erfolgreich. Echte Anwendung/Tailnet/Empfängerzustellung und menschliche Gesamtacceptance bleiben offen.""}, {""report"": ""implementation/pr6-local-acceptance.md"", ""summary"": ""Zugangs-/Credential-/Deliverybindung implementiert und in lokalen Product-/HTTP-/Controllerregressionen geprüft; reale Zustellung und menschliche Abnahme sind später.""}]"	not evaluated in AP01; source for AP04
PCR-BUSTER-NS-001	verifiziert		"[{""report"": ""implementation/namespace-broker.md"", ""summary"": ""Uncached Go race suite with genuine HTTP token rotation/provisioning/expiry and actual bounded parser/invoker regressions; independent review. No live cluster claim.""}]"	not evaluated in AP01; source for AP04
PCR-BUSTER-NS-002	verifiziert		"[{""report"": ""implementation/namespace-broker.md"", ""summary"": ""Uncached Go race suite with genuine HTTP token rotation/provisioning/expiry and actual bounded parser/invoker regressions; independent review. No live cluster claim.""}]"	not evaluated in AP01; source for AP04
PCR-BUSTER-NS-003	verifiziert		"[{""report"": ""implementation/namespace-broker.md"", ""summary"": ""Uncached Go race suite with genuine HTTP token rotation/provisioning/expiry and actual bounded parser/invoker regressions; independent review. No live cluster claim.""}]"	not evaluated in AP01; source for AP04
PCR-KUBERNETES-FIXTURE-001	verifiziert		"[{""report"": ""implementation/namespace-broker.md"", ""summary"": ""Uncached Go race suite with genuine HTTP token rotation/provisioning/expiry and actual bounded parser/invoker regressions; independent review. No live cluster claim.""}]"	not evaluated in AP01; source for AP04
PCR-TAILSCALE-001	verifiziert		"[{""report"": ""implementation/tailscale-exposure.md"", ""summary"": ""Original provider tests cover implicit/explicit80,8080, unauthorized host and service mismatch; builds/typechecks pass.""}]"	not evaluated in AP01; source for AP04
PCR-TAILSCALE-002	verifiziert		"[{""report"": ""implementation/tailscale-exposure.md"", ""summary"": ""Explicit Kubernetes protocol-prefix probes with native kubectl and actual controller Go race suite pass, independently repeated. Same-spec owner/generation status and canceled/chained takeover cleanup corrected. No live Tailnet or seven-day handoff proof.""}]"	not evaluated in AP01; source for AP04
IFR-08-001	verifiziert		"[""implementation/registry-clients.md"", ""implementation/registry-client-scope.json"", {""report"": ""implementation/pr6-registry-target.md"", ""summary"": ""Originale Workspace-Suite61/61, Ziel-/Runner20/20, HTTPS-/Provider3/3 und Matrix20/20 ohne Skips. Native Fixture wählt explizites Image und verwendet ursprüngliche begrenzte Manifestprüfung; kein tatsächlicher BuildKit-/CRI-/Pod-Lauf. Strikte native Testtypen behalten sechs bereits vorher vorhandene Fehler.""}, {""report"": ""implementation/pr6-local-acceptance.md"", ""summary"": ""Expliziter gemeinsamer Registry-/CA-/Authvertrag einschließlich E2E-Seedbindung implementiert; Original-Helm-/HTTPS-/Provider-/Workspaceprüfungen vorhanden.""}]"	not evaluated in AP01; source for AP04
IFR-08-002	verifiziert		"[""implementation/registry-clients.md"", ""implementation/registry-client-scope.json"", {""report"": ""implementation/pr6-local-acceptance.md"", ""summary"": ""Persistenz, explizites Disk-Budget und referenzgeschützte Registry-GC fehlen; die Dokumentationskorrektur allein genügt nicht.""}, {""report"": ""implementation/pr6-risk-and-registry.md"", ""summary"": ""Expliziter PVC-Speichervertrag, RWOP/Recreate und konservative manuelle Offline-GC implementiert; Umstieg von flüchtigem Speicher wird vor Apply abgewiesen. Originaler Distribution-3.0.0-Server bestätigt Digest-/Layererhalt nach GC/Neustart und Freigabe von 65536 unreferenzierten Blobbytes. Lokaler Abschluss nach D12; CSI/Kapazität/Podwechsel bleiben spätere Live-Prüfung.""}]"	not evaluated in AP01; source for AP04
IFR-09-001	verifiziert		"[""implementation/registry-clients.md"", ""implementation/registry-client-scope.json"", {""report"": ""implementation/pr6-local-acceptance.md"", ""summary"": ""Mirrorvertrag in BuildKit-/Node-Konfigurationsgenerator und Dokumentation umgesetzt und lokal geprüft; tatsächlicher Cachehit/-miss gehört zum Betriebstest.""}]"	not evaluated in AP01; source for AP04
IFR-19-001	verifiziert		"[""docs/review/remediation/implementation/deployment-release-selection.md"", {""report"": ""implementation/resume-84-release-root-review.md"", ""source_commit"": ""56c205ef0b421f40a378dbe94f072f8c5e94aa91"", ""summary"": ""Widerspruch zwischen unveränderlicher Release-Receipt und signiertem Prism-Nachweis behoben: Digestreferenzen akzeptiert, mutable Tags abgewiesen. Unabhängige Rootprüfung7/7 einschließlich echter Helmrender; bestehender Prism-Images-Einstieg und Release-Workflow enthalten die Regression. Kein CI-Lauf.""}, {""report"": ""implementation/pr6-oci-identity.md"", ""summary"": ""Read-only CLI an bestehende Releaseauswahl gebunden; Index-/Manifest-/Config-Rohbytes, Grössen und Plattformwahl geprüft. Zehn lokale Byte-/Protokollfixturetests, Lint und Knip bestanden. Tatsächlicher GHCR-Versuch an Deadline gescheitert; keine native Image-/Pod-/Bundle-Abnahme.""}, {""report"": ""implementation/pr6-local-acceptance.md"", ""summary"": ""Immutable Releaseauswahl und tatsächliche Deploy-/Helmargumente sind lokal geprüft, ebenso signierte Prism-Digestannahme; OCI-Descriptorinspektor zusätzlich vorhanden. Laufender Pod/aktives Bundle bleibt Live-Nachweis.""}]"	not evaluated in AP01; source for AP04
IFR-19-002	verifiziert	Lokale Originalregressionen und unabhängige Codegegenprüfung; keine Deployment-/Gesamt-E2E-Freigabe.	"[{""report"": ""implementation/role-git.md"", ""summary"": ""Original failure reproduced;16 actual Helm render combinations plus existing role/deployment gates; independent review. No podstart.""}]"	not evaluated in AP01; source for AP04
IFR-22-001	verifiziert		"[""docs/review/remediation/implementation/workflow-trust-split.md"", ""docs/review/remediation/implementation/github-action-pins.md"", ""docs/review/remediation/implementation/version-generator-integration.md"", ""docs/review/evidence/integration-2d1ea1a/manifest.json"", {""report"": ""implementation/pr6-local-acceptance.md"", ""summary"": ""PR- und Publikationsrechte getrennt, externe Actions gepinnt; Original-YAML-/Trust-/Pin-/Versionsprüfungen vorhanden. Effektive GitHub-Tokenrechte werden später in Actions geprüft.""}]"	not evaluated in AP01; source for AP04
IFR-23-001	verifiziert		"[{""report"": ""implementation/release-configuration.md"", ""summary"": ""Five original Git/Helm tests pass independently: exact family chart/value source binding rejects incompatible newer configuration before materialization. Canonical lint and workflow YAML validation pass. No live migration/override compatibility claim.""}]"	not evaluated in AP01; source for AP04
IFR-24-001	verifiziert		"[{""report"": ""implementation/pr6-qdrant-checkpoint.md"", ""raw"": ""../evidence/pr6-qdrant/local-tests.txt"", ""summary"": ""Tailscale/Qdrant Archive gehasht und alle erzeugten Workload-/Hook-Images kontrolliert; Operator/Proxy/Qdrant/Registry-Mirror-Digests zentral gebunden. Kein vollständiger IFR-24-Abschluss.""}, {""report"": ""implementation/pr6-stateful-upgrade-checkpoint.md"", ""raw"": ""../evidence/pr6-stateful-upgrades/pins.txt"", ""implementation_commit"": ""8d47764b7b276c783f312198d6987b9197e593e4"", ""summary"": ""Redis/PostgreSQL Chart-/OCI-/Imagehashes zentral gebunden; echte install/upgrade-Helm-Render und Versionsgenerator bestanden. Tatsächlicher StatefulSet/PVC-/Version-/Redis-AOF-Preflight vor Mutationen; großzügigere PostgreSQL-Budgets. Vollständige Daten-/Storage-/Cutovermigration bleibt offen.""}, {""report"": ""implementation/pr6-stateful-migration-closure.md"", ""raw"": [""../evidence/pr6-postgresql-migration/migration.txt"", ""../evidence/pr6-postgresql-migration/recovery.txt"", ""../evidence/pr6-postgresql-migration/charts.txt"", ""../evidence/pr6-qdrant-migration/native.txt""], ""summary"": ""Echte PostgreSQL17→18-Migration mit Original-LiteLLM-Schema/Crypto und atomarem Fehlerrollback; echte Qdrant1.18.2→1.19.1-Gesamtsnapshotmigration samt kopiertem Speicher, Cluster-Neustart und erhaltenem Altbestand; zehn echte Helm-/Manifestgates. Separate Releases, frische Claims, TLS-/Recovery-/Netzwerkbindungen, Cutover und Rollback vollständig vorbereitet.""}]"	not evaluated in AP01; source for AP04
IFR-24-002	verifiziert		"[{""report"": ""implementation/trivy-freshness.md"", ""summary"": ""Vier echte Native-Trivy-Fälle einschließlich FIFO sowie tatsächlicher Dependencyprovider geprüft. Imageprovider und Remoteabnahme blockiert. Originaler gemeinsamer Typcheck nach Konfigurationskorrektur erneut bestanden.""}, {""report"": ""implementation/wave47-root-review.md"", ""summary"": ""Vier echte gepinnte Trivy-/DB-Regressionsfälle unabhängig bestanden; alte Advisorydaten sperren Erfolg trotz aktuellem Downloadzeitpunkt.""}]"	not evaluated in AP01; source for AP04
PCR-SCAFFOLD-OPS-001	verifiziert		"[{""report"": ""implementation/review-supervisor.md"", ""summary"": ""Five genuine supervisor/status CLI regressions and independent source review pass; native adoption gate fails visibly because actual child procfs cmdline is unavailable. Complete real pipeline start/recovery remains unexecuted.""}, {""report"": ""implementation/run8-supervisor-root-review.md"", ""summary"": ""Originaler Plattformfehler und anschließend tatsächlicher CLI/Core/ArtifactStore-Start unabhängig und Root bestanden; getrennte echte Prozessadoption bleibt offen.""}, {""report"": ""implementation/resume-84-integration-root-review.md"", ""source_commit"": ""da02ba5ae6abe4b11c1addf992df308608eaed1f"", ""candidate_checkpoint"": ""0144df383250a1975d40b04746eac398ee77e747"", ""summary"": ""Weiterer realer Defekt behoben: SIGTERM/SIGINT während Recoverypause startete bisher erneut die Originalpipeline. Originalrot, Fix 8/8 plus 5/5 Operationsfälle unabhängig bestanden und integriert.""}, {""report"": ""implementation/resume-84-supervisor-launch-independent-review.md"", ""source_commit"": ""56c205ef0b421f40a378dbe94f072f8c5e94aa91"", ""summary"": ""Zusätzlich beschädigte Lease-/Heartbeat-Zustände und echten fehlgeschlagenen npm-Start korrigiert; Zustände bleiben erhalten, eigene Lease wird freigegeben. Ursprüngliche Stoppkorrektur bleibt erhalten. Unabhängiger Paketgate18/18, null Skips; alle sechs bisherigen Lintfehler behoben.""}, {""report"": ""implementation/resume-20260912-supervisor-lease.md"", ""summary"": ""Original CLI lease contention reproduces before fix. Existing FileMutex now serializes lease replacement/release; real owner SIGKILL and delayed foreign release checked. Full review-operations entry: 20/20, no skips; scoped canonical lint passes. Native adoption still fails its real procfs prerequisite; finding remains incomplete.""}, {""report"": ""implementation/pr6-supervisor-ownership-io.md"", ""summary"": ""Original CLI rejects an unconfirmed live heartbeat owner; real post-launch heartbeat/resource write failures preserve actual child-exit diagnostic, and combined diagnostic failure preserves both causes. Operations26/26, canonical lint and full Knip pass. Native durable whole-process ownership remains unproved.""}, {""report"": ""implementation/pr6-local-acceptance.md"", ""summary"": ""Originaler Statusfehler führt sichtbar zum Fehler; Lease-, Identitäts-, Start-, Signal- und I/O-Regressionspaket26/26. Vollständiger Containmentbesitz bleibt separate Restarbeit, kein Nachweis daraus behauptet.""}]"	not evaluated in AP01; source for AP04
IFR-03-001	verifiziert		"[{""report"": ""implementation/pr6-api-network-contract.md"", ""raw"": ""../evidence/pr6-qdrant/local-tests.txt"", ""summary"": ""Bestehende explizite Cilium-kube-apiserver-Regeln für Nova/Buster-Clients, Controller und Ops-MCP gegen vollständige ausgelieferte Manifeste bestätigt: TCP 443 und 6443, enge Identitätsselektoren. Reales Ops-Helm-Rendering prüft portable/Cilium-Pfade mit entdeckbaren IPs und abweichendem Endpoint-Port. Keine lokale Kubernetes-HTTP-Attrappe als Live-Nachweis.""}]"	not evaluated in AP01; source for AP04
IFR-03-002	verifiziert		"[{""report"": ""implementation/pr6-private-access.md"", ""raw"": ""../evidence/pr6-infrastructure/access-native.txt"", ""summary"": ""Archviewer-NodePort und World-to-3456-Freigabe entfernt. Dedizierter ClusterIP-Service, spezifische Tailnet-Proxy-Regel und verpflichtende Dokumentanmeldung implementiert. Originales nginx bestätigt Zugriffsschutz, fehlende Auth-Datei, deaktiviertes Directory Listing und Health-Pfad; echtes Helm bestätigt Secret-Verdrahtung und Abweisung alter NodePort-Overlays.""}]"	not evaluated in AP01; source for AP04
IFR-07-001	verifiziert		"[{""report"": ""implementation/rollout-health.md"", ""summary"": ""Actual Helm/config sensitivity passes; LiteLLM endpoints traced through digest-verified OCI metadata to exact original source1.101.0. Real Envoy peer rejection, LiteLLM process/DB-fault transitions and Prism cross-node active-write upgrade remain unexecuted. No deployment.""}, {""report"": ""implementation/run7-envoy-root-review.md"", ""summary"": ""Originale Helm-/Checksum-/Konfigurationssensitivität und sechs vollständige Envoy-Konfigurationen erneut geprüft. Tatsächliches Release-Update, Pod-/Envoy-Rollout und Ablehnung der zuvor erlaubten Peer-ID bleiben offen; native TLS-Selbstprobe ersetzt diese ursprünglichen Gates nicht. Kein Deployment.""}, {""report"": ""implementation/pr6-local-acceptance.md"", ""summary"": ""Originale Config-/PodTemplate-Checksummen und selektive Rolloutbindung lokal mit echten Helmrendern geprüft; vorhandene native Envoy-Teilprüfung ergänzt dies.""}]"	not evaluated in AP01; source for AP04
IFR-17-001	verifiziert	Lokale Originalregressionen und unabhängige Codegegenprüfung; keine Deployment-/Gesamt-E2E-Freigabe.	"[{""report"": ""implementation/verification-secret-rbac.md"", ""summary"": ""Original cluster Secret grant reproduced; actual Helm default/custom/off/invalid namespace matrix and existing gates; independent review. Live403 not tested.""}]"	not evaluated in AP01; source for AP04
IFR-18-001	verifiziert	Echter isolierter API-Server mit originalen gerenderten Policies und tatsächlicher alternativer Controller-SA; zwei Konfigurationen sequenziell, kein Workload-Deployment.	"[{""report"": ""implementation/namespace-broker.md"", ""summary"": ""Config-bound Helm fence and version/identity/prefix checks pass independent review. Real API server CEL/admission and installed legacy-policy migration not run.""}, {""report"": ""implementation/run6-coupled-root-review.md"", ""summary"": ""Originales natives Kubernetes 1.35.0 mit TokenRequest/TokenReview, tatsächlichem Controller-SA/RBAC und VAP: alternative Namespaces/Präfixe, erlaubtes CREATE201/DELETE200 und verweigerte Kontrollnamespace-Löschung422 samt unverändertem Kontrollobjekt; unabhängig und am integrierten Root-Stand erneut bestanden. Vollständiger gekoppelter CRD/CEL-/signierter Controller-Gate ebenfalls bestanden.""}]"	not evaluated in AP01; source for AP04
IFR-27-001	verifiziert		"[{""report"": ""implementation/pr6-private-access.md"", ""raw"": ""../evidence/pr6-infrastructure/access-native.txt"", ""summary"": ""Verpflichtende Backend-Authentifizierung mit echter Dateirotation und eng begrenzte namespaced Roles/RoleBindings implementiert. Reale HTTP-Prozesse prüfen fehlende/falsche/rotierte Tokens und Namespace-Ablehnung. Gerenderte RBAC- und Secret-Grenzen sowie bestehende Ops-Pod-Integration lokal geprüft; tatsächlicher SA-/Tailnet-Gate ist für den Auftraggeber vorbereitet.""}]"	not evaluated in AP01; source for AP04
IFR-05-001	verifiziert		"[{""report"": ""implementation/pr6-gitops-closure.md"", ""raw"": [""../evidence/pr6-gitops/local-tests.txt"", ""../evidence/pr6-gitops/bootstrap-test.txt"", ""../evidence/pr6-gitops/backup-regression.txt"", ""../evidence/pr6-gitops/lint.txt"", ""../evidence/pr6-gitops/shell-syntax.txt"", ""../evidence/pr6-gitops/versions.txt"", ""../evidence/pr6-gitops/chart-source-blobs.json""], ""summary"": ""27 lokale Tests ohne Skips bestanden: echte Git-/Helm-/Lua-Ausführung, gepinntes Argo-Chart mit gehashten Originaldateien; Release-/Ownership-/Secret-/Health-/PVC-Gates und Backupregression. Clusterantworten, DB-Kommandos und Release-Digests sind explizite Fixtures. Kein Argo-Controller oder Cluster gestartet.""}]"	not evaluated in AP01; source for AP04
IFR-11-001	verifiziert		"[{""report"": ""implementation/pr6-redis-durability.md"", ""raw"": ""../evidence/pr6-infrastructure/access-native.txt"", ""summary"": ""Realer Redis: verlorenes ACK, SIGKILL/Neustart, Retry ohne Duplikat und noeviction-Speichergrenze bestehen; Chart-/Imagebindung und Speicherupgrade noch unvollständig.""}, {""report"": ""implementation/pr6-stateful-upgrade-checkpoint.md"", ""raw"": ""../evidence/pr6-stateful-upgrades/pins.txt"", ""implementation_commit"": ""8d47764b7b276c783f312198d6987b9197e593e4"", ""summary"": ""Redis/PostgreSQL Chart-/OCI-/Imagehashes zentral gebunden; echte install/upgrade-Helm-Render und Versionsgenerator bestanden. Tatsächlicher StatefulSet/PVC-/Version-/Redis-AOF-Preflight vor Mutationen; großzügigere PostgreSQL-Budgets. Vollständige Daten-/Storage-/Cutovermigration bleibt offen.""}, {""report"": ""implementation/pr6-redis-migration-closure.md"", ""raw"": ""../evidence/pr6-redis-migration/"", ""summary"": ""Echte Redis-7.2.7-zu-8.10.1-RDB/AOF-Migration und AOF-Neustart erhalten Streams, Pending-Consumer und absolute Dedup-TTL; Original-Lua-Retry ohne Duplikat. Crash/OOM-Gate und vier gepinnte Helm-/PVC-Tests bestanden. Vollständige frische Release-/PVC-Cutover- und Rollbackprozedur dokumentiert.""}]"	not evaluated in AP01; source for AP04
IFR-12-001	verifiziert		"[{""report"": ""implementation/pr6-postgresql-recovery-checkpoint.md"", ""raw"": ""../evidence/pr6-postgresql-recovery/native-crypto.txt"", ""summary"": ""Separater vollständiger LiteLLM-Dump-/Restorevertrag mit konfigurierbarem RPO, atomarer Veröffentlichung, Checksum-/Credentialbindung und konservativen Zielprüfungen; tatsächlicher PG18.6-Dump/Restore auf zweitem Server mit 1012 Schema-Spalten, 217 Indizes, originaler Key-/Modellkonfiguration, SQL-Authentifizierung und unveränderter originaler LiteLLM-XSalsa20-/AES-GCM-Entschlüsselung. Zwei echte Helm-Renderfälle einschließlich abweichender Namen/Ports bestehen.""}]"	not evaluated in AP01; source for AP04
IFR-13-001	verifiziert		"[{""report"": ""implementation/pr6-qdrant-checkpoint.md"", ""raw"": ""../evidence/pr6-qdrant/local-tests.txt"", ""summary"": ""Qdrant 1.19.1: tatsächlicher nativer Prozess mit TLS/Auth, getrenntem Leseschlüssel, Original-Agent-Probe, Snapshot-Export/SHA256, SIGKILL und frischem Restore mit identischen Vektoren/Payloads/Suchresultaten; Korruption, bestehendes Ziel und altes rotiertes Token abgewiesen. Collection-Ownership und konservative Retention dokumentiert.""}]"	not evaluated in AP01; source for AP04
IFR-14-001	verifiziert		"[{""report"": ""implementation/rollout-health.md"", ""summary"": ""Actual Helm/config sensitivity passes; LiteLLM endpoints traced through digest-verified OCI metadata to exact original source1.101.0. Real Envoy peer rejection, LiteLLM process/DB-fault transitions and Prism cross-node active-write upgrade remain unexecuted. No deployment.""}, {""report"": ""implementation/pr6-local-acceptance.md"", ""summary"": ""Configrenderer/Checksum und getrennte Healthendpunkte implementiert; lokale originale Render-Sensitivität und gepinnter Health-Quelltrace vorhanden.""}]"	not evaluated in AP01; source for AP04
IFR-15-001	verifiziert		"[{""report"": ""implementation/pr6-stateful-upgrade-checkpoint.md"", ""raw"": ""../evidence/pr6-stateful-upgrades/prism-native.txt"", ""summary"": ""Native PostgreSQL17.11/pgvector0.8.6: echte Rollen-/Migrationsausführung, Passwortwechsel ohne Änderung alter SCRAM-Verifier abgewiesen, alte INSERTs und readonly-Rechte bestätigt, Prozessfehler nach DB-Commit und echter Dump/Restore auf zweitem Server mit identischen Migrations-/Event-/Nonce-Daten und funktionsfähigen Rollen. Helm-/Secret-/Restoregrenzen und Credential-Übergang dokumentiert.""}]"	not evaluated in AP01; source for AP04
IFR-20-001	verifiziert		"[""implementation/prism-ingestion-resources.md"", ""../evidence/prism-ingestion-resources-root.txt"", {""report"": ""implementation/pr6-local-acceptance.md"", ""summary"": ""Explizite Ressourcenangaben, Liveness und endliche Quarantänepolitik implementiert; echte Helm- und Originaldienst-Fehler-/Recoverytests vorhanden.""}]"	not evaluated in AP01; source for AP04
IFR-20-002	verifiziert		"[{""report"": ""implementation/rollout-health.md"", ""summary"": ""Actual Helm/config sensitivity passes; LiteLLM endpoints traced through digest-verified OCI metadata to exact original source1.101.0. Real Envoy peer rejection, LiteLLM process/DB-fault transitions and Prism cross-node active-write upgrade remain unexecuted. No deployment.""}, {""report"": ""implementation/pr6-local-acceptance.md"", ""summary"": ""Singleton-Control verwendet Recreate; echte Helmprüfungen bestätigen Strategie und unveränderte übrige Workloads. Cross-Node-Upgrade ist späterer Betriebstest.""}]"	not evaluated in AP01; source for AP04
IFR-25-001	verifiziert		"[{""report"": ""implementation/readiness-independent-review.md"", ""summary"": ""Buster BuildKit-/Prism DB-Funktionsproben, getrennte Bootstrap/Liveness und abgebrochene/abgewartete Probe integriert und unabhängig lokal geprüft. Trust-sidecar/SDS-SVID-Funktionsprüfung und Alarmierung sowie native DB-/BuildKit-/Cluster-Abnahme bleiben offen.""}, {""report"": ""implementation/run7-envoy-root-review.md"", ""summary"": ""Echte Envoy1.39.0-Funktionsprüfung mit installierten gültigen/falschen/abgelaufenen SVIDs, Erholung, unveränderter Liveness und begrenztem stderr-Fehlerevent unabhängig und Root bestanden. SPIRE-gRPC/UDS-Attestation, zugestellter Operatoralarm sowie echte DB-/BuildKit-Ausfälle und native Pod-Probes bleiben offen; kein Deployment.""}, {""report"": ""implementation/pr6-local-acceptance.md"", ""summary"": ""Funktionale begrenzte Dependency-/SVID-Prüfung und Fehlerereignis implementiert; Originalprozess-/HTTP-/Helmtests und echter lokaler Envoy-Zertifikatswechsel vorhanden. Betriebsalarmzustellung bleibt Live-Gate.""}]"	not evaluated in AP01; source for AP04
PCR-PREFLIGHT-001	verifiziert		"[{""report"": ""implementation/preflight-declarations.md"", ""summary"": ""Explizite vollständige FORGE-Deklaration statt Prosa/Basename. Originale 11 Runnerfälle, Build und unabhängige Gegenprüfung bestanden. Globale Compiler-Source-Integration separat unter T01 offen.""}]"	not evaluated in AP01; source for AP04
PCR-PREPORT-001	verifiziert		"[{""report"": ""implementation/report-identity.md"", ""summary"": ""Beide Originalplugins: tatsächliche Lease-Ausführung getrennt vom historischen Ziel; echte Core/Admin-Reopen/HTTP/Artefaktpfade unabhängig bestanden. Historische Faktenautorität unter T15 bleibt offen.""}]"	not evaluated in AP01; source for AP04
PCR-SCAFFOLD-001	verifiziert		"[{""report"": ""implementation/scaffold-regeneration.md"", ""summary"": ""Editable provider plan preservation independently verified with four genuine CLI tests, plus25 existing tests and typecheck. Further requested two-file publication probe reproduces first-file modification before second-file EISDIR; coherent publication/reader boundary and crash proof remain open.""}, {""report"": ""implementation/scaffold-publication.md"", ""summary"": ""Atomare Generation mit genau einem Commitpointer, ursprüngliche Pipeline-/Lintreader, EISDIR, echter SIGKILL, explizite Recovery und konkurrierende Publikation unabhängig geprüft; fixer Commit 055ed19 besteht Original-Scaffoldsuiten.""}]"	not evaluated in AP01; source for AP04
T01-F01	verifiziert		"[""docs/review/remediation/implementation/project-source-v2.md"", ""docs/review/evidence/integration-eb1d7cc/manifest.json"", ""docs/review/remediation/implementation/wave47-project-cli-independent-review.md"", ""docs/review/evidence/wave47-scaffold-root-integrated.txt"", ""docs/review/remediation/resume/root-checkpoint.md""]"	not evaluated in AP01; source for AP04
T01-F02	verifiziert		"[""docs/review/remediation/implementation/project-source-v2.md"", ""docs/review/evidence/integration-eb1d7cc/manifest.json"", {""report"": ""implementation/run6-coupled-root-review.md"", ""summary"": ""Gekoppelte Product-/Controller-/Chart-Implementierung nach unabhängiger Prüfung und echten nativen CRD/CEL/CAS-/signierten Controller-Tests integriert; Root wiederholt Native, Product21(17verschiedene), Chart6 und Typprüfung erfolgreich. Echte Anwendung/Tailnet/Empfängerzustellung und menschliche Gesamtacceptance bleiben offen.""}, {""report"": ""implementation/pr6-local-acceptance.md"", ""summary"": ""Vollständige Source-/Modul-/Finalgate-/Produktkomposition implementiert; Compiler-, Originalconsumer-, Product-/Controller-/Chart- und lokale APIprüfungen vorhanden.""}]"	not evaluated in AP01; source for AP04
T15-F01	verifiziert		"[""implementation/report-evidence.md"", ""../evidence/integration-f10ad7a/README.md"", {""report"": ""implementation/pr6-local-acceptance.md"", ""summary"": ""Autoritativer run-/source-/attemptgebundener Reportreader und Consumer implementiert; echte Git-/Core-/Store-/HTTP- und Negativtests vorhanden. Modelltext bleibt ausdrücklich Entwurf.""}]"	not evaluated in AP01; source for AP04
