id	kind	manifest	blueprint_inventory	plugin_inventory	catalogue_page	role_plugin_lists	role_extensions	stages	observers	adapters	testProviders	reportAdapters
kubeclaw.api-flow	pipeline	skills/buster/plugins/api-flow/plugin.json	True	True	True	buster	{}	0	0	0	1	0
kubeclaw.axe	pipeline	skills/buster/plugins/axe/plugin.json	True	True	True	buster	{}	0	0	0	1	0
kubeclaw.container-build	pipeline	skills/buster/plugins/container-build/plugin.json	True	True	True	buster	{}	0	0	0	1	0
kubeclaw.coverage-budget	pipeline	skills/buster/plugins/coverage-budget/plugin.json	True	True	True	buster	{}	0	0	0	1	0
kubeclaw.demo-auth-smoke	pipeline	skills/buster/plugins/demo-auth-smoke/plugin.json	False	True	True	buster	{}	0	0	0	1	0
kubeclaw.direct-command	pipeline	skills/buster/plugins/direct-command/plugin.json	True	True	True	buster	{}	0	0	0	1	0
kubeclaw.http	pipeline	skills/buster/plugins/http/plugin.json	True	True	True	buster	{}	0	0	0	1	0
kubeclaw.junit-report	pipeline	skills/buster/plugins/junit-report-adapter/plugin.json	True	True	True	buster	{}	0	0	0	0	1
kubeclaw.kubernetes-fixture	pipeline	skills/buster/plugins/kubernetes-fixture/plugin.json	True	True	True	buster	{}	0	0	0	1	0
kubeclaw.lighthouse	pipeline	skills/buster/plugins/lighthouse/plugin.json	True	True	True	buster	{}	0	0	0	1	0
kubeclaw.openapi	pipeline	skills/buster/plugins/openapi/plugin.json	True	True	True	buster	{}	0	0	0	1	0
kubeclaw.playwright	pipeline	skills/buster/plugins/playwright/plugin.json	True	True	True	buster	{}	0	0	0	1	0
kubeclaw.security-providers	pipeline	skills/buster/plugins/security-providers/plugin.json	True	True	True	buster	{}	0	0	0	5	0
kubeclaw.size-budget	pipeline	skills/buster/plugins/size-budget/plugin.json	True	True	True	buster	{}	0	0	0	1	0
kubeclaw.tailscale-exposure	pipeline	skills/buster/plugins/tailscale-exposure/plugin.json	True	True	True	buster	{}	0	0	0	1	0
kubeclaw.visual	pipeline	skills/buster/plugins/visual/plugin.json	True	True	True	buster	{}	0	0	0	1	0
kubeclaw.agent-observability	pipeline	skills/common/plugins/agent-observability/plugin.json	True	True	True	buster,nova,prism	{}	0	2	0	0	0
kubeclaw.artifact-store	pipeline	skills/common/plugins/artifact-store/plugin.json	True	True	True	buster,nova,prism	{}	0	0	1	0	0
kubeclaw.command-runner	pipeline	skills/common/plugins/command-runner/plugin.json	True	True	True	buster	{}	0	0	1	0	0
kubeclaw.git-workspace	pipeline	skills/common/plugins/git-workspace/plugin.json	True	True	True	nova	{}	0	0	1	0	0
kubeclaw.network-http	pipeline	skills/common/plugins/network-http/plugin.json	True	True	True	buster,nova,prism	{}	0	0	1	0	0
kubeclaw.notification-observer	pipeline	skills/common/plugins/notification-observer/plugin.json	True	True	True	nova	{}	0	2	0	0	0
kubeclaw.openclaw-agent-events	pipeline	skills/common/plugins/openclaw-agent-events/plugin.json	True	True	True	nova	{}	0	0	1	0	0
kubeclaw-agent-observer	openclaw	skills/common/plugins/openclaw-agent-observer/openclaw.plugin.json	True	True	True		"{""buster"": [""kubeclaw-agent-observer""], ""nova"": [""kubeclaw-agent-observer""], ""prism"": [""kubeclaw-agent-observer""]}"	0	0	0	0	0
kubeclaw.operator-messaging	pipeline	skills/common/plugins/operator-messaging/plugin.json	True	True	True	nova	{}	0	0	1	0	0
kubeclaw.redis-transport	pipeline	skills/common/plugins/redis-transport/plugin.json	True	True	True	nova	{}	0	0	2	0	0
kubeclaw.runtime-dispatch	pipeline	skills/common/plugins/runtime-dispatch/plugin.json	True	True	True	buster,nova,prism	{}	0	0	2	0	0
kubeclaw.secret-resolver	pipeline	skills/common/plugins/secret-resolver/plugin.json	True	True	True	buster,nova,prism	{}	0	0	1	0	0
kubeclaw.state-store	pipeline	skills/common/plugins/state-store/plugin.json	True	True	True	nova	{}	0	0	1	0	0
kubeclaw.telemetry-observer	pipeline	skills/common/plugins/telemetry-observer/plugin.json	True	True	True	nova	{}	0	1	0	0	0
kubeclaw.telemetry-store	pipeline	skills/common/plugins/telemetry-store/plugin.json	True	True	True	buster,nova,prism	{}	0	0	1	0	0
kubeclaw.transport-publisher	pipeline	skills/common/plugins/transport-publisher/plugin.json	True	True	True	nova	{}	0	0	1	0	0
kubeclaw.wait-store	pipeline	skills/common/plugins/wait-store/plugin.json	True	True	True	nova	{}	0	0	1	0	0
kubeclaw.architecture-validator	pipeline	skills/nova/plugins/architecture-validator/plugin.json	True	True	True	nova	{}	1	0	0	0	0
kubeclaw.blueprint-sync	pipeline	skills/nova/plugins/blueprint-sync/plugin.json	True	True	True	nova	{}	1	0	0	0	0
kubeclaw.buster-quality-gate	pipeline	skills/nova/plugins/buster-quality-gate/plugin.json	True	True	True	nova	{}	1	0	0	0	0
kubeclaw.case-study	pipeline	skills/nova/plugins/case-study/plugin.json	True	True	True	nova	{}	1	0	0	0	0
kubeclaw.delivery-lint	pipeline	skills/nova/plugins/delivery-lint/plugin.json	True	True	True	nova	{}	1	0	0	0	0
kubeclaw.demo-handoff	pipeline	skills/nova/plugins/demo-handoff/plugin.json	False	True	True	nova	{}	3	0	1	0	0
kubeclaw.human-approval	pipeline	skills/nova/plugins/human-approval/plugin.json	True	True	True	nova	{}	2	0	0	0	0
kubeclaw.implementation-agent	pipeline	skills/nova/plugins/implementation-agent/plugin.json	True	True	True	nova	{}	1	0	0	0	0
kubeclaw.lint	pipeline	skills/nova/plugins/lint/plugin.json	True	True	True	nova	{}	2	0	1	0	0
kubeclaw.pipeline-review	pipeline	skills/nova/plugins/pipeline-review/plugin.json	True	True	True	nova	{}	1	0	1	0	0
kubeclaw.preflight-contract	pipeline	skills/nova/plugins/preflight-contract/plugin.json	True	True	True	nova	{}	2	0	0	0	0
kubeclaw.prism-design	pipeline	skills/nova/plugins/prism-design/plugin.json	True	True	True	nova	{}	1	0	0	0	0
kubeclaw.project-summary	pipeline	skills/nova/plugins/project-summary/plugin.json	True	True	True	nova	{}	1	0	0	0	0
kubeclaw.remote-test-gate	pipeline	skills/nova/plugins/remote-test-gate/plugin.json	True	True	True	nova	{}	0	0	2	0	0
kubeclaw.repository-adapter	pipeline	skills/nova/plugins/repository-adapter/plugin.json	True	True	True	nova	{}	0	0	1	0	0
kubeclaw.review	pipeline	skills/nova/plugins/review/plugin.json	True	True	True	nova	{}	3	0	0	0	0
kubeclaw-prism	openclaw	skills/prism/openclaw-plugin/openclaw.plugin.json	True	False	True		{}	0	0	0	0	0
kubeclaw-ops	codex	plugins/kubeclaw-ops/.codex-plugin/plugin.json	False	False	False	not applicable	not applicable	0	0	0	0	0
